PlannerName,Company
j33WOEcW,Enzo Black
LdiCSXUi,Sabrina Bailey
2KMLEvoI,Jadiel Duarte
t7m695Z7,Jane Allison
2Kq9y3YB,Lauren Hardy
Peads4Xb,Natasha Sparks
JJMkFGgk,Kristian Craig
Brki88lx,Jennifer Torres
3YZ9YmyE,Tamara Russell
HiUWrK7H,Grady Trevino
G8LlzNxl,Virginia Liu
ug6T9fXl,Jamison Lang
mVDCAWBa,Macy Koch
TEnkaOaH,Makai Welch
J0XNYGMK,Desmond Stein
gJxCmjMs,Camron Solomon
gTpdPH94,Brodie Sloan
gpTfmgGB,Adrian Hull
bi2cwJ3G,Quintin Todd
1N21pxR5,Terrence Graham
NGhrqxid,Rex Glover
LrRIWx0P,Areli Collins
2MKfFidz,Ronnie Huber
4FI0nU2S,Sara Duke
LjX8H69S,Van Knapp
SpngNLRK,Tamia Charles
I2rtjd0p,Graham Clark
xFRZst6o,Maggie Baldwin
YzUIAMyw,Elise Weaver
qzU6G7NX,Aaliyah Jones
uwVGuYDG,Priscilla Wolf
HFs9lHZl,Ismael Mathis
Kbek4fj0,Micheal Reyes
AUj6LRie,Matias Delacruz
pDG6wZoU,Laura Harris
7zIHUEqS,Georgia Padilla
E0QbNhJv,Harley Rubio
cLRP8hSO,Evangeline Pham
96BUIUTi,Scarlett Gray
5nvI8FgM,Talia Conrad
28feiCyN,Chana Gonzalez
1EePnRXc,Kamora Gross
KGqULQNi,Raymond Dunn
ZcAC94I7,Isaac Page
4eOf0MzT,Makayla Escobar
PeV1trLv,Jayson Salas
3u4JxCZe,Makaila Grant
cRynxPNO,Karley Whitney
dG5UWHS8,Jacob Shea
mfeWR516,Riya Howell
TzetJznU,Miya Fletcher
4CFztwcW,Sam Sandoval
uZc6bTCa,Delaney Hall
v3s2FApK,Hallie English
V6A1KJlb,Nathan Everett
1R0CMD1g,Jeremiah Andersen
tWonN2ZN,Arabella Mcbride
aGP9uUhc,Blaze Santana
y7MenMlT,Allyson Adams
SeBPhunC,Devon Anthony
O5tE2l9j,Winston Ayala
IiaRtuXt,Laila Novak
lzuJqY0L,Wendy Spears
2L98GMsc,Annabella Shelton
gD072hu5,Orlando Riddle
hmg1zkBC,Allie Potts
aanN3jEa,Antoine Vincent
XWziAF5j,Karsyn Massey
JBZisQUk,Ayaan Zuniga
INuyi048,Skyler Bryan
6ZbooQmg,Gemma Barnett
Xf95DPyf,Bo Adkins
ofINYADl,Michaela Cobb
XdP0UFra,Larry Bradley
2LegpZGz,Ruben Boone
JpEOVnt2,Kolten Costa
8EsBrbqu,Ivy Edwards
pk8Yjhmb,Jack Solis
LFiUYary,Yadiel Williams
t6dL7ws0,Kiersten Finley
RxIblpxQ,Jadyn Buchanan
Sv5UEGs9,Cindy Callahan
uJKIceL8,Andre Carpenter
HylUYL74,Roger Kemp
gpCTiYqi,Rayne Singh
UzPbKX1G,Abdiel Bartlett
kzcoYKJd,Ashlynn Rangel
QVvGgHPz,Aracely Garrett
r6d2jxaU,Braylon Herring
sy7LkLni,Jaylyn Andrade
XHMg15wk,Martha Rosales
6LF0Oe97,Roy Mitchell
pLi5uIUQ,Penelope Decker
q8nK1SA1,Kenneth Shaffer
9S6NiOss,Lilianna Powers
gCobdQIY,Sarahi Leach
akmAoAtg,Juliana Bentley
01g7vzc7,Axel Figueroa
LAy1h2sW,Payton Davies
OlJphXW8,Kimberly Haas
B6h9dFGe,Colten Noble
ULcs6p5s,Carina Norman
RfEmiAIj,Lorena Rose
ZPDZMrH7,Amir Kent
J9cVXLKx,Alessandro Henson
40GS8jpX,Joseph Herrera
6Tinez7b,Lucian Hensley
1nc34sS6,Ally Hendricks
olZ5hiZY,Lexie Reeves
v1KRVZZc,Kathleen Osborn
xRxVmSAD,Slade Benson
5qcTbGfZ,Maverick Nolan
A4xYcFpY,Damaris Miles
bYBYheBy,Avery Mccoy
jciJjMtY,Gloria Snyder
xZEV27i1,Miah Moody
AXAnQoeW,Demetrius Steele
gKfXpuFS,Darryl Tanner
c88ldZ1c,Messiah Mendoza
xgcofVUf,Keegan Donovan
OEja3qZ4,Dominique Wallace
DhYEihRQ,Muhammad Duffy
xscvyVG0,Miranda Bright
xLdq3Kbr,Maxim Washington
jex93KBr,Tyler Pollard
xSjF74Ci,Joe Elliott
MTQXZryU,Marquis Wilkins
5JfT1h60,Elle Harper
Kv3Tcew5,Emilee Coffey
4FFNGcQ4,Ada Winters
hyZ7IEBB,Aniyah Sanders
HijpWfHb,Kaeden Spence
WgvOlMwi,Alden Faulkner
wPDffG4C,Kayla Cunningham
SGgPtdnY,Eduardo Mcintosh
SIZedhap,Lane Dougherty
IuI1pDks,Charlotte Berry
4pR0vwa6,Sienna Avery
PWvNN6pJ,Jordyn Wall
Vp5DPVse,Holden Wiggins
HTw40w9T,Angelique Luna
u7TfevZV,Jimmy Odom
rBM7WzgD,Kimora Kline
s7e7wrY5,Mekhi Hardin
GqdvWX54,Neveah Hanson
zrpJJIxa,Francis Benitez
sT6xtebL,Jamya Bautista
cFcYTusK,Esteban Irwin
2XhOBPqb,Nola Cox
R1XDWCpq,Braydon Frost
Lmg7JPop,Dayanara Yu
G3AzhXbd,Amirah Hale
7QLzgDOh,Trystan Summers
Ojj9CuYn,Dayana Salinas
O1dWZKB9,Athena Cole
gGGP1uaM,Colby Meyer
kf0r8mul,Lesly Cruz
7jYhKoQD,Gary Hampton
3ckGLbFh,Angel Sheppard
iaT5TUfA,Addison Silva
QKTvkW8g,Carter Brown
j7rWxqVs,Zaid Gilbert
HX0TCTq7,Sage Lyons
xWTHsvs7,Ronin Erickson
2sHmFxYO,Rayna Rodriguez
NuWfMbWH,Ann Tyler
NvwZyJch,Talon Huynh
IlbJsCn2,Brock Newton
kR1MW8b6,Dayton Stout
Md8JGKWS,Michelle Mccullough
EorkMzgO,Kendrick Moyer
3UcOCV9o,Ashly Mcpherson
oIPCa6bS,Laney Waller
JmlwbXhu,Jessie Garcia
hmx0aYhQ,Madison Vaughan
TzcFozga,Jayden Lowe
miex7caT,Jillian Harrell
sVbyOyVD,Keagan Mcdowell
ZGuclmJT,Benjamin Walsh
E7s5xCoB,Kristen Castro
LpiurCgK,Konner Banks
vR7bJMZ4,Reagan Rowland
RmJ0Wg05,Gracie Whitaker
ttuUa7oZ,Kaylynn Meadows
hSH18Ld0,Coleman Ali
iIVIwWjn,Darnell Mann
tDMoiPRO,Chaz Barnes
tohQj2Em,Emiliano Hines
JwuuccnJ,Julio Yates
kUVyxaW4,Jamiya Schneider
HkfQ4PvN,Sariah Spencer
pbIPgWfc,Alejandro Hogan
GS236k3i,Mackenzie Hodges
JvzHFyiF,Valeria Peters
qy3R33vj,Elaina Kerr
sETQsKRO,Jaylan Sherman
SsL9MpTC,Samantha Ball
tmQ4pbBZ,Darien Blackburn
W9CL2wUk,Luis Patel
vJBHhZqV,Elisabeth Orr
BwCZ9Idv,Aliza Pitts
1FgKDC9k,Hadassah Hanna
jLdkb1kU,Andrew Dillon
Q2rC6wwk,Marisol James
ntO3tP1w,Dillan Lloyd
9fFxMqQR,Lilian Khan
MaS61tks,Oliver Richard
gwI7UYg1,Eric Cantu
XUMUEhPO,Tristian Velasquez
nxpumUZN,Ashanti Wu
u92JgSRm,Johan Walker
9Ei2EKTW,Leo Guerrero
7r10ilkj,Emilia Tate
N4fFOIS9,Whitney Gutierrez
TUjZcgFh,Roman Landry
ykZ8idYZ,Lance Schultz
myRufbaY,Christina Fry
NpvCX9ar,Jaylin Rice
afvVtQv8,Alina Woodward
y2BDzzRP,Faith Burke
xQaWVAxT,Vance Pratt
D8UIFGeX,Edgar Garner
B4CvzRRj,Haley Nielsen
vH9sxfOF,Brynn Goodman
YVbxPNqD,Ivan Rios
aVHUBhPr,Mayra Galloway
IpkFOYJw,Sterling Mcfarland
S2l1PEho,Aaden Simpson
Tf9wKFrs,Shaniya Dyer
XyNdgUAl,Kiana Shepherd
k7vtmIHG,Shirley Vega
qe4LWgnx,Lena Burton
IEl3o3pz,Javion Parrish
cu4NjuQy,Marley Mercer
xFJ2ffz6,Larissa Palmer
PjU7fkkF,Bradley Simon
zZskJn54,Paityn Rivas
xKRmYBCm,Marie Giles
YD1NqRqv,Kenley Diaz
ulIgNcer,Tony Carlson
lxWaMy5K,Mckenzie Gibson
2OmqWXaf,Cristopher Bernard
UuyYux06,Jorden Manning
IG7kxXFU,Giovanni Murillo
yPwYdkRI,Cheyenne Cervantes
cfpjJgwH,Randy Zavala
OEYiA664,Abraham Espinoza
IjmopcqY,Paula Ford
0yXRVgT6,Kendall Hahn
ozfrMeEi,Finley Underwood
u749Cz0W,Caleb Robinson
HChtflUA,Yoselin Wolfe
8VUb0bXT,Amina Curtis
zgNe8xmD,Howard Parsons
XWTXmHgg,Roselyn Walls
aK15hVtP,Hana Riggs
jr7GX3yH,Jabari Browning
O0YES4Xl,Rene Boyle
DvqOzAgu,Joy Warren
y08IfqVK,Alan Mullins
HjJsF71K,Luna Conway
a7IedFog,Anahi Keller
09ZC79al,Aldo Ramos
oOYYPFkN,Devyn Becker
d84oUiX8,Madeleine Raymond
tCP7JqYp,Jay Mcdaniel
SL5GvOMm,Jaylin Stephens
Rg11njij,Saniyah Barber
csfBAKrB,Raphael Hayes
6PkqeMvw,Nathalie Dodson
9094FKPx,Isabela Mcclure
KHJDTqKT,Mara Livingston
esrn8low,Ainsley Singleton
yhckdGJV,Asa Owen
0Egss3ni,Emily Moss
66WlSsVS,Madyson Ochoa
iOeS4Qwj,King Hughes
JQ1ontAL,Jameson Medina
5weZCAMF,Carmen Conner
dvHPAdzI,Daisy Roth
BsT9qG17,Regan Morrow
8ncf0Gvz,Alaina Mayer
M7EiqOW9,Trace Schaefer
Xmdwfaj3,Frankie Yoder
xivpWTDD,Adyson Ramirez
P2q0y7uK,Diego Knox
Ico2o9Ag,Haleigh Choi
8Y2lDtDk,Kinsley Chan
aC8mC6vk,Valentina Horn
ptJIjURL,Mariah Howe
OsEhGjkK,Coby Mcgrath
cWi3VsSb,Rafael Morse
a4QhCE4i,Brady Pacheco
FMRawOgE,Uriel Lane
lvyNkHYc,Gabriella Combs
RuuNloQR,Craig Robertson
tWivx0Wr,Zain Hays
O8HqwJ0E,Agustin Patrick
lvztoc5Y,Libby Jenkins
lukzhhyu,Sheldon Gilmore
haM1k7eT,Karly Coleman
R1ZEZGZo,Killian Arias
Wxu79O0a,George Frey
4ZnXigrm,Luciana Porter
QfSUfVKh,Aubree Oneill
gt65yUBg,Janet Meyers
RNIPDDsB,Kaleigh Gallegos
dii9quuR,Donna Johns
oClkzbJ8,Hailie Ferguson
ZUBBVfLv,Ibrahim Cline
EZdU1BcV,Rogelio Perkins
V3z9AFO5,Javier Marshall
BU7YVseC,Keely Durham
Ievme2WB,Maddison Montgomery
B59P3FQ0,River Sweeney
CGsB1Im9,Rocco Brandt
yjauLigp,Amaya Melton
0Le9FJIx,Averi Hamilton
qCbFrB7D,Yaritza Gonzales
zWAySyem,Cole Nash
EOYV5THO,Maleah Fleming
9FwgNh50,Luka Hernandez
mRyApeOZ,Cornelius Pearson
cQ89ezUH,Jovani Floyd
Y6lIToKc,Kayden Mahoney
IqkWCbSA,Jaycee Beltran
TYG5XVE7,Cadence Jordan
Eg5yZl4G,Davian Stanley
biEUVTdh,Aliya Jackson
x3nFpvyz,Alissa Travis
rZbQ7xvX,Shyla Barker
ckXzdhsy,Annie Morris
eCngCPf9,Julius Fuentes
bFdBz8ut,Diana Ewing
Ym3vu9gN,Reese Love
mBYpneJJ,Amelie Joseph
aWHnxSQd,Brandon Mckenzie
Vvt4sSNe,Raelynn Watson
G5NLP1EX,Leonidas Rogers
7c8fXMgJ,Alonzo Cordova
pyQMAPMC,Aydin Dickerson
bAXzVFP5,Wesley Atkinson
Uo1dq7Pc,Osvaldo Bennett
rXkHPktr,Deangelo Alvarez
2VfdjDUC,Cash Burns
L9hSnQqK,Myah Maddox
iNGQwszM,Dereon Leon
YOyYINao,Cecilia Kirby
FAORZ7P0,Aliana Bishop
iaGy3qel,Lindsay Macdonald
QPHDNPhS,Presley Schroeder
GyPi1kIq,Amelia Powell
ugZP3ycC,Dale Fritz
tL6qWP5t,Evelyn Bender
OyxvYmmQ,Bernard Kelly
Kt0f1wcP,Heath Hopkins
urg1xUY7,Mckayla Campos
O41rl5CM,Madelynn Hunt
D3WAoOLr,Donte Lynch
CVAWvN0Z,Destiny Brady
FJRben7B,Talan Dickson
1OYXGlQS,Curtis Christian
L8J8RIYc,Gideon Glass
WqBwgUX8,Daphne Molina
3tfwiW2S,Jair Greene
LVAs2pSv,Ernesto Chapman
ohaaB8Ma,Andy Marsh
GlfpdXwf,Helen Bauer
54Y72OsL,Josiah Stewart
qXbwElXe,Jensen Stevenson
Bjn15L3v,Romeo Webster
a6fSp69j,Christian Owens
geOWrX02,Reginald Lawson
Fi7wBQ0Z,Danna Mills
F8u48pEf,Adalynn Oconnell
hPAB8BIm,Broderick Bond
wJmLRLYK,Jaqueline Barajas
Qq8HmDaW,Hadley Velazquez
RPm1s5nd,Charity Hunter
2F2uYSuP,Landon Stuart
TP8sagiA,Marcos Estrada
D45BSuwJ,Damien Acosta
TPfLmHXe,Kaylah Hatfield
4oRxw9bm,Jake Baker
MBLodgJr,Sarah Krueger
mcq1koQ6,Mariam Hester
CZl4qexR,Glenn Doyle
zMzvHVK6,Vincent Baxter
RvPlEUK1,Alfonso Fitzgerald
MBXgk7gD,Linda Caldwell
U4EvfFRo,Humberto Cowan
jjWskX6q,Mariana Frank
R3l18JNZ,Gaige Oliver
ZZSFNpMG,Belen Burch
TiEUbYKh,Trevon Obrien
BE182FxF,Peter Prince
z7lh7ps3,Keshawn Crosby
n9k3DPOG,Jonas Mcclain
0DDipTL7,Judith Braun
z1qschA2,Cael Jefferson
zkfqwTHd,Kiara Cooley
m8chKhSX,Annabelle Kennedy
NqcvuYYR,Reyna Lutz
JMbCzNTi,Bronson Davenport
baT26aQr,Reina Douglas
Lax0f1IM,Thomas Green
HENdds6i,Mauricio Friedman
X3yPIcn1,Allan Sims
J0Q9cWaU,Matthias Mueller
bcHQuAMj,Hezekiah Mclaughlin
BidXiVR1,Aden Ritter
LhqjS75U,Violet Olson
CRyHSpMK,Anne Calhoun
0Yz6mTGC,Gracelyn Blair
d5CXBNhR,Giancarlo Ray
tOIePeUy,Alyvia Potter
VZjtqUtp,Braiden Sawyer
YhonUfLo,Ben Cross
OZOS19Lm,Robert Patton
gDH1K8Q9,Kate Li
KumDTmZD,Dixie Ballard
pG1pd3L6,Maria Daniel
GktCUP7F,Kadence Jacobs
Povgi4hf,Allisson Kirk
QDqWjEtw,Marcus Wang
4Z0jTn7D,Taylor Pineda
wmKNs1XJ,Kingston Humphrey
MG4KvSfu,Frank Small
70ylTqwG,Orion Clements
QRHydbXt,Lawson Fields
ysYfGJhT,Antony Walton
Z0hXoX2d,Cassius Cisneros
00ufS2Lx,Jaiden Day
VMIgEysf,Mikayla Sanchez
9LraZrxa,Maliyah Benton
kqdLTKow,Kristina Austin
2Zs8rgUi,Randall Horne
Os2OafNh,Dustin Dennis
YlR0UYR0,Brennen Mccall
s76SJ4SF,Walker Lamb
XH6e4coi,Lexi Briggs
qmd8iBCT,Ashleigh Richardson
Ol9eiXJU,Leanna Acevedo
Y4vEzLqA,Mohammad Maynard
dZg2oRK4,Hailey Farmer
BYnmAM5W,Jamar Chung
F1fcovn8,Alejandra Armstrong
jrzy6KRs,Koen Good
7r6GOp6Z,Harrison Vaughn
JH2A3w8H,Arielle Weiss
RBMT1xiW,Audrey Moses
vDusOQFz,Ansley Gaines
9pFSthZU,Karina Mckinney
VAAiBtsm,Davion Gentry
zOjLBKQq,Deborah Odonnell
8d1sIMe8,Patrick Leblanc
qOmAnNB1,Abbigail Reynolds
ftkOVXAv,Rosa Bush
uX5BGEXr,Jayce Dorsey
2880aQgG,Oscar Mack
WtlxbENP,Perla Hooper
I0LtCChJ,Brianna Carr
mT8l5dY6,Nikolai Zamora
3LAt0VKZ,Kyle Rich
Ci4g9kOl,Asia Sellers
cMAtdxfl,Carson Griffith
RdAY0VKT,Melanie Curry
qdKHJFZm,Kameron Fowler
1XtXqtSj,Lydia Carrillo
YjGLwtcn,Regina Daniels
YBmVi0wa,Greyson Mcneil
xuTZFbYO,Toby Huff
Tn0LGYpO,Pierce Baird
qA3HmuoQ,Maci Pace
WivWqgLF,Sadie Proctor
NTcEt4Wo,Kevin Terrell
LZwQC8uv,Dulce Lewis
ttrx7iDh,Abbie Weeks
GvYlu8Z4,Maia Key
3741NvWG,Macie Walters
EfvuB2DF,Gwendolyn Suarez
yqo0j3Lg,Cooper Moon
0YBcox5e,Jazmyn Frederick
rXYe4THM,Kaylen Frye
8joXSOS6,Tristin Cummings
DdLFHT8Y,Aidyn White
iceLMAYS,Kaydence Chen
es1vZHkd,Monica Flores
Vgd4dQAp,Haiden Serrano
sjbsyFPn,Tori Pennington
BE2dMO8H,Draven Ellis
uqA5dYfO,Zackary Ward
Myuclu80,Ishaan Juarez
7ZKgxGFx,Kailey Ruiz
ch8RPOyu,Tess Hayden
HUWEzKLB,Samara Bridges
LbNIzj7m,Clarissa Vang
sbMlbGap,Moriah Barrett
AOaVEAle,Nigel Lara
XpRW4ze3,Zoe Chang