ReservationID,EventDate,UserName,PlannerName
1,2018-04-07,O9PWlkr1,JBZisQUk
2,2018-02-11,eQKyaSSB,VZjtqUtp
3,2018-04-25,k7mL98kC,QPHDNPhS
4,2018-05-29,ZOxhOtHr,Q2rC6wwk
5,2018-03-21,DhjHiL9N,I0LtCChJ
6,2018-01-11,On3ixqXN,3LAt0VKZ
7,2018-07-25,0Ygrozxt,jr7GX3yH
8,2018-07-17,EleFyWm9,yjauLigp
9,2018-02-02,RSnEawRu,TP8sagiA
10,2018-02-20,WsJjcnS5,HijpWfHb
11,2018-01-17,xcWAHhzF,bi2cwJ3G
12,2018-03-07,Z0FSiK9Y,a4QhCE4i
13,2018-04-17,z6qIiCA9,40GS8jpX
14,2018-07-13,z6xCwJow,t7m695Z7
15,2018-04-05,Ai4ZWlRc,qdKHJFZm
16,2018-05-20,IV5X68C2,IlbJsCn2
17,2018-06-17,Kag3C4Sq,IEl3o3pz
18,2018-05-02,xq1Bye0Z,iIVIwWjn
19,2018-05-05,hVXEXCp6,cQ89ezUH
20,2018-07-04,nVDPEiaA,3tfwiW2S
21,2018-04-08,UhySG74y,vR7bJMZ4
22,2018-07-15,tP7ucCH1,esrn8low
23,2018-04-21,nSVriGdW,Wxu79O0a
24,2018-05-08,G5hEAMM7,LbNIzj7m
25,2018-08-07,7iJUy7PY,LdiCSXUi
26,2018-06-24,pJLfzkcZ,es1vZHkd
27,2018-04-11,DLgJ8TkO,wmKNs1XJ
28,2018-01-25,62OPQptN,LAy1h2sW
29,2018-05-08,6h8PUwOP,I2rtjd0p
30,2018-06-15,WOhlSA5M,4ZnXigrm
31,2018-03-04,6fgw7Ik9,uX5BGEXr
32,2018-02-11,SdbtE4xg,YD1NqRqv
33,2018-01-09,4tPO7EZl,xSjF74Ci
34,2018-03-24,B1J5pgXj,1nc34sS6
35,2018-07-27,LYXvowRk,hPAB8BIm
36,2018-01-15,OnN3nLWn,NGhrqxid
37,2018-03-11,vXJNEbGA,LpiurCgK
38,2018-04-13,0Ci0EWwb,LjX8H69S
39,2018-01-24,YyzUXmtb,Kbek4fj0
40,2018-04-24,NVUVu2LZ,DvqOzAgu
41,2018-06-15,PANBpys9,qe4LWgnx
42,2018-05-10,NWXeNp1y,RBMT1xiW
43,2018-05-25,WEHg3dXv,cLRP8hSO
44,2018-06-08,BlJBQujQ,gwI7UYg1
45,2018-07-31,Xl5aXVII,1OYXGlQS
46,2018-04-05,VWSgMaE7,66WlSsVS
47,2018-01-22,DIYrYmaS,xKRmYBCm
48,2018-07-31,fEblDNi4,tDMoiPRO
49,2018-03-22,YRgM9NjY,O0YES4Xl
50,2018-06-21,X9r6wB8N,8VUb0bXT
51,2018-05-20,7EAj0Apf,X3yPIcn1
52,2018-02-07,CK6xzcax,kqdLTKow
53,2018-06-26,H89SVYwJ,UzPbKX1G
54,2018-03-04,QyzSrVnu,xQaWVAxT
55,2018-04-02,nCjWlcL2,ptJIjURL
56,2018-01-16,GDkRtfIn,xFRZst6o
57,2018-03-08,d1AuvWDw,wJmLRLYK
58,2018-06-09,T1Mq9yNf,s7e7wrY5
59,2018-03-26,Xl5aXVII,sy7LkLni
60,2018-04-14,VxAZdc0s,z7lh7ps3
61,2018-07-16,dnlSWHpB,70ylTqwG
62,2018-06-29,Izvl7DKA,YBmVi0wa
63,2018-04-15,DS4aDCPO,mVDCAWBa
64,2018-07-03,uaZCAM5y,GlfpdXwf
65,2018-07-19,Ib8HtjM1,9094FKPx
66,2018-06-19,klSg4jKT,96BUIUTi
67,2018-04-30,BHyFnFj8,ug6T9fXl
68,2018-07-06,aiicnGlV,yqo0j3Lg
69,2018-05-13,xNHCHlAz,gGGP1uaM
70,2018-02-15,2eVYNCD5,D45BSuwJ
71,2018-03-05,W4xXAA9v,gD072hu5
72,2018-03-12,xInBq8n3,JpEOVnt2
73,2018-04-23,NzHkv9qr,ZUBBVfLv
74,2018-01-19,S0b2xahp,Tf9wKFrs
75,2018-01-09,GC5xFJPH,2LegpZGz
76,2018-08-03,VDOJDu1m,0Yz6mTGC
77,2018-01-26,mHSv1mRc,a7IedFog
78,2018-04-04,xsviR933,Fi7wBQ0Z
79,2018-01-14,vKN8bnmk,uJKIceL8
80,2018-01-16,OG3Nxnl5,4CFztwcW
81,2018-05-03,8QS9JWdK,LrRIWx0P
82,2018-08-09,uiRaiFnL,1EePnRXc
83,2018-05-21,TWCDpbb8,Xf95DPyf
84,2018-01-16,arLLJVL6,JH2A3w8H
85,2018-04-03,rB4iXr63,2VfdjDUC
86,2018-08-03,0J6h8rL6,GktCUP7F
87,2018-06-09,QYzDmH3F,SGgPtdnY
88,2018-01-22,cqZdf4IB,Y4vEzLqA
89,2018-05-06,NmYKaAHI,hSH18Ld0
90,2018-03-09,oSs8lAX5,tohQj2Em
91,2018-03-10,wSZnLE9L,gt65yUBg
92,2018-05-22,U1LGEbJS,4FFNGcQ4
93,2018-05-19,g9BFSXZt,XUMUEhPO
94,2018-06-03,y3TuLgWY,OZOS19Lm
95,2018-07-07,T1Mq9yNf,RPm1s5nd
96,2018-01-05,Wa3FUh9h,G8LlzNxl
97,2018-03-24,vbk6dPCn,cMAtdxfl
98,2018-04-25,zCNLUV8u,YlR0UYR0
99,2018-03-02,8aK8m7H9,xRxVmSAD
100,2018-04-24,SCAB3ZGE,28feiCyN
101,2018-08-03,wDLYaWj4,kzcoYKJd
102,2018-04-28,emGNKode,00ufS2Lx
103,2018-07-25,PMSXM825,lukzhhyu
104,2018-03-17,F7tZuWXY,Lmg7JPop
105,2018-04-20,bgi7T7nH,0yXRVgT6
106,2018-07-29,OhJCpzdq,2OmqWXaf
107,2018-01-18,fq2Mn1U7,XWziAF5j
108,2018-06-13,5zQujEQq,L8J8RIYc
109,2018-05-23,0iIwLehZ,zrpJJIxa
110,2018-08-07,7XCUToiz,F1fcovn8
111,2018-03-18,4ZAI0NNc,EZdU1BcV
112,2018-01-18,VWpLPBNY,Ol9eiXJU
113,2018-04-11,jXvIFTRC,0DDipTL7
114,2018-01-12,hVXEXCp6,mfeWR516
115,2018-05-21,hI1WqTWz,u7TfevZV
116,2018-02-12,9The9KxA,tCP7JqYp
117,2018-03-12,eExFyJnI,2Kq9y3YB
118,2018-06-01,7g8FFdea,bcHQuAMj
119,2018-02-22,E9rPnBEn,2L98GMsc
120,2018-04-09,4Un0e64b,5weZCAMF
121,2018-05-30,mNuaXrUf,7r6GOp6Z
122,2018-03-04,KCW1vmF3,NqcvuYYR
123,2018-02-22,D0wMchZt,GqdvWX54
124,2018-05-05,h9acjska,B59P3FQ0
125,2018-04-13,ULpwATpu,Ievme2WB
126,2018-01-02,8JrX2a7q,LZwQC8uv
127,2018-02-11,HYuELFre,BYnmAM5W
128,2018-04-27,rrL08wYS,iaGy3qel
129,2018-01-04,PIbvy4G0,LFiUYary
130,2018-01-12,C1anjpjY,ttrx7iDh
131,2018-07-03,z1WwPbwu,HENdds6i
132,2018-04-26,fQEZxa6k,csfBAKrB
133,2018-01-30,WxHlDxBc,mcq1koQ6
134,2018-06-24,VXy1YF6p,pyQMAPMC
135,2018-04-19,Z9mPoRTz,xFJ2ffz6
136,2018-02-21,XFa0IH63,afvVtQv8
137,2018-06-29,n1Fc7Jzm,Bjn15L3v
138,2018-05-22,SHuh45kJ,XHMg15wk
139,2018-01-19,6o1Aj0Vc,B4CvzRRj
140,2018-03-29,m01ZSsHT,XdP0UFra
141,2018-08-01,K0EsyQYA,pLi5uIUQ
142,2018-03-20,qzmNoeMu,aK15hVtP
143,2018-06-20,J9lalRKP,54Y72OsL
144,2018-04-30,n2FkqoXR,Vgd4dQAp
145,2018-04-22,CBoXRiA5,hmg1zkBC
146,2018-01-26,3MtVlz8h,urg1xUY7
147,2018-05-24,8321HSUZ,BwCZ9Idv
148,2018-04-19,41lvnboF,P2q0y7uK
149,2018-06-26,PbbwekFN,QDqWjEtw
150,2018-02-27,oYpXWOw6,Ci4g9kOl
151,2018-02-07,swiQSOQX,1XtXqtSj
152,2018-02-08,DI4U8oR1,tWonN2ZN
153,2018-05-03,lSHoZw9e,gDH1K8Q9
154,2018-08-02,9h4mAhRw,7QLzgDOh
155,2018-05-14,hVXEXCp6,GyPi1kIq
156,2018-07-26,2JTkaQge,R3l18JNZ
157,2018-05-29,aPfdBcIn,pbIPgWfc
158,2018-04-18,m41nTN8q,gpTfmgGB
159,2018-05-19,BcvDgiDt,ckXzdhsy
160,2018-08-08,ZzYU0YD1,6ZbooQmg
161,2018-01-27,q1Iq3AQT,jrzy6KRs
162,2018-07-15,ZhOzJn0Y,YjGLwtcn
163,2018-06-08,mCcCiSwL,zgNe8xmD
164,2018-01-24,ebOckyM5,RxIblpxQ
165,2018-01-21,qOsNB7mA,a6fSp69j
166,2018-02-11,JpOHRX8w,iaT5TUfA
167,2018-04-18,QShGixeS,Kt0f1wcP
168,2018-04-03,XG9CafSC,mRyApeOZ
169,2018-04-08,mX7BWG2x,8ncf0Gvz
170,2018-01-26,KGjv2BTq,NpvCX9ar
171,2018-05-25,v9G6Up9Z,gCobdQIY
172,2018-06-29,d39bX54T,y08IfqVK
173,2018-01-28,0jqLx1Of,xscvyVG0
174,2018-02-23,OOMyT6q1,TEnkaOaH
175,2018-01-11,A0fUwYa2,SL5GvOMm
176,2018-04-21,FmifGylx,S2l1PEho
177,2018-04-25,Nfdvuo2d,ofINYADl
178,2018-07-26,VkOJmKAv,HkfQ4PvN
179,2018-01-26,uZb688L3,qXbwElXe
180,2018-08-07,DkQXIv8k,bAXzVFP5
181,2018-03-19,aNQ5C2sm,ftkOVXAv
182,2018-07-30,zzNbBc4e,xZEV27i1
183,2018-01-31,az4EXHti,R1ZEZGZo
184,2018-07-01,Igc5uqbm,N4fFOIS9
185,2018-01-24,QI6Lu1m6,XpRW4ze3
186,2018-04-01,nqO87fLz,D8UIFGeX
187,2018-03-19,mc4ERbLO,Peads4Xb
188,2018-08-05,8cFdcJhJ,V6A1KJlb
189,2018-06-15,3CO4Aaj3,xivpWTDD
190,2018-06-10,ZInf7UVv,G5NLP1EX
191,2018-03-29,94KLyqUR,4FI0nU2S
192,2018-01-17,7bwT0Hkb,HjJsF71K
193,2018-05-05,8F5kBbQ1,JvzHFyiF
194,2018-08-01,SM52Pcnu,QKTvkW8g
195,2018-06-08,YufYcpcE,Md8JGKWS
196,2018-01-14,yiHBL1Tf,6PkqeMvw
197,2018-04-10,tFLPIQeh,DdLFHT8Y
198,2018-07-17,zIsKgT9z,3741NvWG
199,2018-01-25,QWaKKXxG,Y6lIToKc
200,2018-01-07,LFpdzkzI,QVvGgHPz
201,2018-06-12,DMeJUwZr,bYBYheBy
202,2018-01-25,kbkEKbrV,v1KRVZZc
203,2018-08-04,yAbbK85p,baT26aQr
204,2018-07-06,1iq7SogO,E7s5xCoB
205,2018-07-31,MpTs5GRV,YhonUfLo
206,2018-07-05,YHhlR0b3,cfpjJgwH
207,2018-04-30,6de9npSH,2XhOBPqb
208,2018-03-07,JaSA4vGB,d84oUiX8
209,2018-07-03,yyR9BhcY,Brki88lx
210,2018-07-24,SSisaWGJ,OEYiA664
211,2018-02-09,J353loXG,9LraZrxa
212,2018-08-10,q2aodvmy,DhYEihRQ
213,2018-04-21,LsbGcOQR,Xmdwfaj3
214,2018-06-07,YmXoylXI,eCngCPf9
215,2018-01-20,BZGMTlg3,jciJjMtY
216,2018-02-26,aipE80sD,UuyYux06
217,2018-03-17,TTjpllMV,RNIPDDsB
218,2018-02-18,BIA7EWmw,WivWqgLF
219,2018-07-28,KsXLf5Ad,sETQsKRO
220,2018-03-29,U5TM0UWt,xLdq3Kbr
221,2018-07-27,eBya2ciX,5JfT1h60
222,2018-06-03,RMcRal83,v3s2FApK
223,2018-08-09,4bXoKS0n,TPfLmHXe
224,2018-07-03,n5I6WTaK,FJRben7B
225,2018-01-05,davqSTL6,hyZ7IEBB
226,2018-04-01,zp1QO7Lb,PeV1trLv
227,2018-05-27,DSKgVQY2,FMRawOgE
228,2018-03-11,5XfphoxI,qOmAnNB1
229,2018-05-27,4IsXeEOX,cRynxPNO
230,2018-02-11,FSn0TzhE,sbMlbGap
231,2018-06-22,lZIMK9XW,1N21pxR5
232,2018-08-08,tYb6qagr,JwuuccnJ
233,2018-06-21,HcLh8I3p,haM1k7eT
234,2018-05-27,wbJ0hBGm,KumDTmZD
235,2018-01-28,nZMPyiVH,7ZKgxGFx
236,2018-01-21,TvumhOVZ,ch8RPOyu
237,2018-02-25,Li5CQOEW,9FwgNh50
238,2018-03-01,YUxTwqbl,IuI1pDks
239,2018-02-15,hVDIKC0H,CZl4qexR
240,2018-01-26,3cyR69PF,AXAnQoeW
241,2018-07-03,lk4eNPgl,iceLMAYS
242,2018-05-21,tIQeNYqR,CVAWvN0Z
243,2018-06-16,7V0pSnDY,aanN3jEa
244,2018-08-09,vFdgT1kS,aC8mC6vk
245,2018-02-13,Tn8LZQmD,j33WOEcW
246,2018-02-17,EV5gVUDx,EfvuB2DF
247,2018-07-22,6AfY3rQf,Vvt4sSNe
248,2018-06-11,M2qiahlL,rBM7WzgD
249,2018-07-08,MIQf7d7F,sjbsyFPn
250,2018-06-06,be48ARBy,5nvI8FgM
251,2018-01-06,kPSOt2hZ,ulIgNcer
252,2018-02-27,pfnEsRuX,jLdkb1kU
253,2018-02-04,KG4Jl0pV,oOYYPFkN
254,2018-03-06,XSr3onBB,KGqULQNi
255,2018-02-19,2sYnYHWk,tWivx0Wr
256,2018-02-05,wfgMyCCS,yPwYdkRI
257,2018-08-08,OATBTpK8,rZbQ7xvX
258,2018-02-25,L1ARWAOh,FAORZ7P0
259,2018-01-15,obvGS84s,qzU6G7NX
260,2018-04-16,yZkBCIf8,t6dL7ws0
261,2018-02-10,aObFy058,2Zs8rgUi
262,2018-07-18,8kPhzz4A,TiEUbYKh
263,2018-05-21,UWhcXxV9,HChtflUA
264,2018-05-29,c2QIIWCo,lxWaMy5K
265,2018-04-15,gkWklhXs,ZZSFNpMG
266,2018-03-07,DmzMPb9I,myRufbaY
267,2018-07-13,wiTgHN6C,2sHmFxYO
268,2018-01-16,e9DlEWqO,j7rWxqVs
269,2018-03-24,LS22TDLZ,9S6NiOss
270,2018-06-28,R5TRMPhw,zOjLBKQq
271,2018-05-20,ciiAS3BI,WqBwgUX8
272,2018-04-24,V0PGxH5V,NvwZyJch
273,2018-05-01,28CfoAiW,Tn0LGYpO
274,2018-07-10,FQL6TBNr,1FgKDC9k
275,2018-01-11,nDailmVh,lzuJqY0L
276,2018-03-26,xtIOs2SR,ozfrMeEi
277,2018-01-09,eEfbMiqE,01g7vzc7
278,2018-06-28,ge0HUBHQ,BidXiVR1
279,2018-06-21,Llpa9cvR,TzetJznU
280,2018-02-23,l0SN6Mep,iOeS4Qwj
281,2018-07-25,mXKhNGkS,AOaVEAle
282,2018-05-16,5r6uv6BQ,Rg11njij
283,2018-06-23,pTT6u2F6,iNGQwszM
284,2018-04-04,9CL4Mtjk,Vp5DPVse
285,2018-05-04,DRtMywnH,SsL9MpTC
286,2018-03-02,VXUI7EDv,OyxvYmmQ
287,2018-06-20,HUVfk7Da,9fFxMqQR
288,2018-05-30,LFwgdRhd,ZPDZMrH7
289,2018-03-03,Vj5nxB3U,RmJ0Wg05
290,2018-02-14,LRg59z1w,F8u48pEf
291,2018-01-29,MvZNjinw,O8HqwJ0E
292,2018-03-28,0zDKIySM,Uo1dq7Pc
293,2018-07-15,ETO6f2JZ,cWi3VsSb
294,2018-02-04,ZGpoW4f2,HTw40w9T
295,2018-06-25,TTjpllMV,6Tinez7b
296,2018-08-04,BQ86prsx,rXkHPktr
297,2018-05-31,o4h7Cl90,geOWrX02
298,2018-02-17,CtLDF56X,EOYV5THO
299,2018-07-31,ZgsaE5Ba,2MKfFidz
300,2018-06-02,O66beA0e,4eOf0MzT
301,2018-07-14,BrK7wFLG,3u4JxCZe
302,2018-07-20,J353loXG,ntO3tP1w
303,2018-02-21,7pCE7JuP,y7MenMlT
304,2018-03-30,2xfuE4lj,3YZ9YmyE
305,2018-08-02,LnB6p3vC,E0QbNhJv
306,2018-03-17,RDdnNHRi,CGsB1Im9
307,2018-06-08,IFieXVd7,7jYhKoQD
308,2018-06-25,7beLMoe9,VMIgEysf
309,2018-05-21,r4CUW9Co,sVbyOyVD
310,2018-06-21,fz9NOVpL,cu4NjuQy
311,2018-05-12,MwaJbX0V,NTcEt4Wo
312,2018-03-16,xJGmew3a,IiaRtuXt
313,2018-06-22,iZ3nMkEm,JMbCzNTi
314,2018-04-12,MGRWhlMe,qy3R33vj
315,2018-03-31,GOk7oSr4,Ojj9CuYn
316,2018-07-10,XFKFCz1E,oClkzbJ8
317,2018-06-02,q3ePS1hI,Sv5UEGs9
318,2018-08-07,HNxMGusf,IG7kxXFU
319,2018-04-29,1XC20M9c,Os2OafNh
320,2018-01-06,4hyfRaKX,xuTZFbYO
321,2018-07-10,536xEFDQ,2KMLEvoI
322,2018-08-09,nS1RACt8,TUjZcgFh
323,2018-05-17,95WgDXRB,n9k3DPOG
324,2018-03-12,xMzjfXaL,uZc6bTCa
325,2018-01-26,OWfsPSfm,YzUIAMyw
326,2018-03-28,RhW9oNtw,cFcYTusK
327,2018-04-01,wl4xHuR7,RuuNloQR
328,2018-07-11,xaQqI57t,Lax0f1IM
329,2018-07-05,y1mPIMAc,zMzvHVK6
330,2018-03-16,JGGAqwlF,O5tE2l9j
331,2018-02-05,6z3sKrf2,uwVGuYDG
332,2018-06-04,qcwxjFrp,2F2uYSuP
333,2018-04-10,E9rPnBEn,JQ1ontAL
334,2018-08-09,YyIXsSIq,U4EvfFRo
335,2018-02-16,w5nhLEJ2,ysYfGJhT
336,2018-03-11,0J6h8rL6,nxpumUZN
337,2018-05-05,PANBpys9,MTQXZryU
338,2018-02-01,9tshDFMk,8d1sIMe8
339,2018-04-21,w4fbBAHz,TzcFozga
340,2018-05-19,U5lhXgZT,NuWfMbWH
341,2018-06-30,ovLNpALt,SIZedhap
342,2018-06-09,R961cXLJ,Povgi4hf
343,2018-04-18,WLzyhWs7,8EsBrbqu
344,2018-06-02,CBYVmzkN,pDG6wZoU
345,2018-07-03,1yVQFWtF,miex7caT
346,2018-05-13,N88li4vs,9pFSthZU
347,2018-06-25,ueM4u5X1,7r10ilkj
348,2018-06-13,n7nfnOD6,ugZP3ycC
349,2018-06-28,BA6MaWHL,u92JgSRm
350,2018-07-06,FzzgRPth,qCbFrB7D
351,2018-04-26,6KVB8HUI,dii9quuR
352,2018-04-17,Vh6a1LBy,u749Cz0W
353,2018-07-14,O6YCZUnd,Eg5yZl4G
354,2018-02-04,ZpiGTuaE,sT6xtebL
355,2018-06-08,PJ0pwhB9,q8nK1SA1
356,2018-03-01,D2rRdtcU,vH9sxfOF
357,2018-04-08,zEBFkoPH,biEUVTdh
358,2018-03-28,l9UL28X8,Ico2o9Ag
359,2018-03-14,KbhV19Ix,olZ5hiZY
360,2018-02-26,HvxZtmbV,Kv3Tcew5
361,2018-02-23,vvtXiKsU,G3AzhXbd
362,2018-06-10,jJKkjjYk,SpngNLRK
363,2018-05-11,0Ci0EWwb,BE2dMO8H
364,2018-02-11,0JgHYL8r,dZg2oRK4
365,2018-07-04,xa0KCbzN,9Ei2EKTW
366,2018-03-12,6kguCZ1d,uqA5dYfO
367,2018-06-04,ygGzbL0J,WtlxbENP
368,2018-02-26,AdJR6MLK,dG5UWHS8
369,2018-06-12,oVi4napE,HFs9lHZl
370,2018-05-28,Fm3VMYvN,HX0TCTq7
371,2018-07-07,RXEZibB8,lvztoc5Y
372,2018-07-21,54eyqqMm,kf0r8mul
373,2018-04-22,wSZnLE9L,7zIHUEqS
374,2018-01-21,EUrcqa5X,JJMkFGgk
375,2018-01-26,X9t5V8sl,aWHnxSQd
376,2018-03-25,SG6pokK6,xWTHsvs7
377,2018-03-15,6kguCZ1d,jjWskX6q
378,2018-07-04,Xxynbsrj,IqkWCbSA
379,2018-06-18,xMzjfXaL,IpkFOYJw
380,2018-07-12,4QSO1SjI,hmx0aYhQ
381,2018-03-11,u2Bi0Pw4,0Le9FJIx
382,2018-04-29,8ZMFXpy9,zkfqwTHd
383,2018-05-19,tK4uY5VB,gTpdPH94
384,2018-03-14,pzIiRwiH,INuyi048
385,2018-08-05,RA64tKQo,EorkMzgO
386,2018-05-17,GYjuILcS,W9CL2wUk
387,2018-03-01,nuNXcKLB,kUVyxaW4
388,2018-03-10,kdEHLUjd,ZGuclmJT
389,2018-01-23,E0vuQPlr,HUWEzKLB
390,2018-06-28,g0PkZJAi,Myuclu80
391,2018-06-25,4EXIXy8E,z1qschA2
392,2018-02-16,n1SnWRA2,6LF0Oe97
393,2018-06-11,0QD1RXUy,HiUWrK7H
394,2018-08-05,e8VCczQj,gJxCmjMs
395,2018-02-08,KtOxdT69,GS236k3i
396,2018-07-16,1RLcibGK,8joXSOS6
397,2018-03-20,K5eMuafH,D3WAoOLr
398,2018-01-21,22x6hvWt,Z0hXoX2d
399,2018-06-12,Rw4A1RUD,gpCTiYqi
400,2018-06-02,CFikIjDg,c88ldZ1c
401,2018-05-09,B6ifAlqE,XWTXmHgg
402,2018-02-25,ZBhfDLd1,pG1pd3L6
403,2018-03-26,d4O9Olp0,WgvOlMwi
404,2018-06-08,sC5hMsx1,rXYe4THM
405,2018-05-29,DSKgVQY2,ZcAC94I7
406,2018-06-06,sf6RnSPg,tL6qWP5t
407,2018-07-19,DWLip2dj,LVAs2pSv
408,2018-06-21,U4DkoHzw,dvHPAdzI
409,2018-07-30,m01ZSsHT,lvyNkHYc
410,2018-06-27,veBafkZ6,7c8fXMgJ
411,2018-07-31,BA6MaWHL,A4xYcFpY
412,2018-03-11,zzNbBc4e,Ym3vu9gN
413,2018-01-02,hQtX1aYa,vDusOQFz
414,2018-03-16,iTINsmpI,YVbxPNqD
415,2018-02-25,Uxurgym4,k7vtmIHG
416,2018-02-23,DzmdogLA,PjU7fkkF
417,2018-03-24,clwz6WwR,CRyHSpMK
418,2018-04-29,Y9kYkTtJ,4oRxw9bm
419,2018-06-03,klvzWp6O,qA3HmuoQ
420,2018-01-13,mXKhNGkS,yhckdGJV
421,2018-05-27,6gU3vD6i,M7EiqOW9
422,2018-06-02,XkOTwpRC,YOyYINao
423,2018-06-20,xNuHq3Xh,bFdBz8ut
424,2018-03-02,ENItpZGp,LhqjS75U
425,2018-01-05,vRm4b8vA,MBXgk7gD
426,2018-07-10,ATRNXKdu,OEja3qZ4
427,2018-04-12,bIwBUuRF,XH6e4coi
428,2018-03-16,sfbSMTKL,QRHydbXt
429,2018-02-15,HK2KtrPG,vJBHhZqV
430,2018-02-24,Hm8YCeXW,5qcTbGfZ
431,2018-04-08,G0KWGjeh,Qq8HmDaW
432,2018-03-30,Nq0DnISE,4pR0vwa6
433,2018-04-09,83hq2yBi,BE182FxF
434,2018-06-16,cSmbY4e3,2880aQgG
435,2018-02-22,su0r1tal,jex93KBr
436,2018-04-02,Y6LwBqP1,OsEhGjkK
437,2018-01-30,AqMGrke5,BU7YVseC
438,2018-04-06,pTWppZg8,MBLodgJr
439,2018-07-04,Ai4ZWlRc,J0XNYGMK
440,2018-05-16,rr0kYAbD,qmd8iBCT
441,2018-03-27,vjlwd0Cm,x3nFpvyz
442,2018-08-01,LMrIM0fd,y2BDzzRP
443,2018-04-14,oTfR5C9o,mBYpneJJ
444,2018-01-21,5uT8OlMA,gKfXpuFS
445,2018-05-17,33ONYtFZ,akmAoAtg
446,2018-05-09,0jqLx1Of,3ckGLbFh
447,2018-03-21,5JqY5jo2,MG4KvSfu
448,2018-01-27,hbp8ktfB,09ZC79al
449,2018-03-18,qcwxjFrp,IjmopcqY
450,2018-07-03,DoLEBTMf,1R0CMD1g
451,2018-07-27,y1sxOFia,J9cVXLKx
452,2018-01-31,sasqN8Nc,d5CXBNhR
453,2018-05-09,5785PP2S,RvPlEUK1
454,2018-06-07,AvSAW9bw,BsT9qG17
455,2018-05-18,SSisaWGJ,zZskJn54
456,2018-04-09,ND56N4gg,zWAySyem
457,2018-03-08,eAtCJzSN,O1dWZKB9
458,2018-07-01,bghYFdiz,kR1MW8b6
459,2018-03-25,v3SHztCY,GvYlu8Z4
460,2018-02-16,HoEWsc1j,OlJphXW8
461,2018-02-23,YIgHPalS,8Y2lDtDk
462,2018-03-30,YCB265Ba,wPDffG4C
463,2018-05-25,vnPXiVbY,HylUYL74
464,2018-02-18,kGNoxyjr,0YBcox5e
465,2018-05-06,0pVJUBAB,RfEmiAIj
466,2018-01-02,hXRcg4u9,PWvNN6pJ
467,2018-04-16,LvfCaOrQ,R1XDWCpq
468,2018-02-18,ksw9AhFD,V3z9AFO5
469,2018-02-27,WUJNMzLR,VAAiBtsm
470,2018-04-19,KB6zUBNc,J0Q9cWaU
471,2018-02-06,2FSZPkh1,tOIePeUy
472,2018-01-13,6s4G4HFB,xgcofVUf
473,2018-03-26,KCW1vmF3,3UcOCV9o
474,2018-06-02,CMOWfHat,4Z0jTn7D
475,2018-03-05,xtIOs2SR,B6h9dFGe
476,2018-03-08,616JT9nM,ttuUa7oZ
477,2018-03-16,8TYICC6F,QfSUfVKh
478,2018-02-18,uFvS7ITL,ULcs6p5s
479,2018-01-09,wSik6JiZ,ohaaB8Ma
480,2018-01-17,Kag3C4Sq,AUj6LRie
481,2018-02-14,8TxXn46v,TYG5XVE7
482,2018-07-18,moXXLpsK,ykZ8idYZ
483,2018-06-13,01SYMvaQ,oIPCa6bS
484,2018-02-13,gaXvOgOh,O41rl5CM
485,2018-01-13,y14z446h,JmlwbXhu
486,2018-02-26,eYhXPXPO,SeBPhunC
487,2018-07-22,RM4MC4jU,r6d2jxaU
488,2018-05-07,wcStMtnG,mT8l5dY6
489,2018-06-13,ioZdvHDy,s76SJ4SF
490,2018-07-08,Xh1Xu5wO,MaS61tks
491,2018-08-08,bJVgngId,aVHUBhPr
492,2018-07-12,lFAGNPnH,XyNdgUAl
493,2018-05-08,lNuD7iM6,aGP9uUhc
494,2018-07-27,Q3LZQQQy,KHJDTqKT
495,2018-01-18,DirakyJs,RdAY0VKT
496,2018-04-25,mzDCgnDM,pk8Yjhmb
497,2018-06-06,lLas0reD,L9hSnQqK
498,2018-05-04,ksckEqpz,0Egss3ni
499,2018-01-08,oOhAXbCj,tmQ4pbBZ
500,2018-05-29,HmipeSuq,m8chKhSX
501,2018-01-24,41lvnboF,qOmAnNB1
502,2018-02-26,ekjyXKiH,MBLodgJr
503,2018-06-04,nv3DmzPn,YjGLwtcn
504,2018-03-06,Ok5CfrRo,1N21pxR5
505,2018-05-11,U7i8gIvg,RNIPDDsB
506,2018-04-04,VqnFj2f5,BE2dMO8H
507,2018-07-30,7K8W2ZBx,2OmqWXaf
508,2018-06-04,ArXvNL1Q,70ylTqwG
509,2018-04-12,4KWL8xOO,yhckdGJV
510,2018-05-07,K06cpv56,R3l18JNZ
511,2018-03-12,ecipOzQn,1FgKDC9k
512,2018-06-26,csFQFMth,lxWaMy5K
513,2018-02-21,l5C265ls,qXbwElXe
514,2018-03-02,aMP20FwU,VZjtqUtp
515,2018-06-19,mbw4v2JR,XpRW4ze3
516,2018-06-17,WLObxFNy,ZPDZMrH7
517,2018-06-29,sywefaSY,UuyYux06
518,2018-07-10,i10dl0eE,iaGy3qel
519,2018-05-30,kf4uRCz0,YBmVi0wa
520,2018-01-24,sx9a5new,MBXgk7gD
521,2018-01-29,xNffaCzV,0yXRVgT6
522,2018-07-28,o9NfjMPG,xFRZst6o
523,2018-06-09,oLVBn8nN,UzPbKX1G
524,2018-05-29,YSRoN627,cLRP8hSO
525,2018-08-10,rebtPIJk,0YBcox5e
526,2018-01-29,2KxANLqv,LZwQC8uv
527,2018-04-23,Zay2P4TM,mfeWR516
528,2018-08-04,PJ0pwhB9,6ZbooQmg
529,2018-07-16,qNunEYpB,GS236k3i
530,2018-07-16,TWyJAaj8,z7lh7ps3
531,2018-03-16,aCQpJC9g,01g7vzc7
532,2018-05-21,YjEDSv20,G3AzhXbd
533,2018-06-17,cSQhtGAb,esrn8low
534,2018-04-06,RCPQ9KI2,3741NvWG
535,2018-03-09,KQpC0y7W,dG5UWHS8
536,2018-05-03,ljE7B59r,54Y72OsL
537,2018-04-24,NVGsAEUb,9fFxMqQR
538,2018-07-13,s9b3gogK,tL6qWP5t
539,2018-08-10,QEF5uScb,EorkMzgO
540,2018-04-14,TpmZpWa1,IlbJsCn2
541,2018-07-17,y7VAunBG,Md8JGKWS
542,2018-01-10,G8B2dxet,sy7LkLni
543,2018-02-16,ff1IeEqG,O41rl5CM
544,2018-04-19,KbOWKTxy,40GS8jpX
545,2018-05-29,Ha3lYap4,haM1k7eT
546,2018-08-04,RVI5IHQT,28feiCyN
547,2018-03-14,m4u6d2iw,iOeS4Qwj
548,2018-03-04,wxyCfqJR,xRxVmSAD
549,2018-06-26,v3SHztCY,rXkHPktr
550,2018-03-11,QP4QM26E,vDusOQFz
551,2018-02-19,WjWHyDfy,ug6T9fXl
552,2018-04-05,goKH6g2A,3YZ9YmyE
553,2018-07-04,pD6qRpIe,rZbQ7xvX
554,2018-07-02,uLDo3nTm,JmlwbXhu
555,2018-01-03,IopwscLF,n9k3DPOG
556,2018-07-21,iwwoDoBI,bAXzVFP5
557,2018-01-18,S0b2xahp,Ievme2WB
558,2018-07-12,eai1WZrV,ofINYADl
559,2018-03-30,GrFAqEOg,QDqWjEtw
560,2018-02-18,1E2JXBv9,ugZP3ycC
561,2018-07-04,vsGXuwvs,HUWEzKLB
562,2018-07-12,ZPVyTTjE,HFs9lHZl
563,2018-05-21,MpECgZCP,7r6GOp6Z
564,2018-05-08,qnubOg8y,A4xYcFpY
565,2018-04-19,aJImKDi4,a4QhCE4i
566,2018-07-23,lfNl9uSN,qe4LWgnx
567,2018-07-16,T1Eiz7Kq,AOaVEAle
568,2018-05-23,5j1gwVxw,BidXiVR1
569,2018-04-19,HylRdA5b,jr7GX3yH
570,2018-07-30,kvqOT7iU,aGP9uUhc
571,2018-04-19,a1JBNV4K,TUjZcgFh
572,2018-04-24,r6Gg8EsG,D8UIFGeX
573,2018-04-18,tZEYlCpv,2VfdjDUC
574,2018-03-10,QpRpqZZJ,7ZKgxGFx
575,2018-01-07,Jj9KLqMf,cRynxPNO
576,2018-07-16,39yOvz6o,ULcs6p5s
577,2018-04-12,OpWOv9W9,baT26aQr
578,2018-04-16,sOjHExGB,E7s5xCoB
579,2018-05-03,AYmSVGgK,sT6xtebL
580,2018-04-17,g3J1SIxV,I0LtCChJ
581,2018-05-02,1rUtBiUq,NpvCX9ar
582,2018-01-25,6KnMsqhk,TYG5XVE7
583,2018-06-04,8nNzRwWf,EOYV5THO
584,2018-07-25,7NimoEU8,2L98GMsc
585,2018-03-26,25CWoNV1,1nc34sS6
586,2018-01-03,2aB9n0Nf,8d1sIMe8
587,2018-03-02,t8Axk3Cr,KGqULQNi
588,2018-04-26,Pzl3Y40P,vH9sxfOF
589,2018-06-13,wDLYaWj4,INuyi048
590,2018-03-12,ghsrTl1R,mBYpneJJ
591,2018-04-05,bu6X3Zzk,TzetJznU
592,2018-03-17,wDlJsyMO,sVbyOyVD
593,2018-06-09,qEElt6NU,LjX8H69S
594,2018-04-27,dra9b5WM,9094FKPx
595,2018-04-17,Fm3VMYvN,sjbsyFPn
596,2018-01-05,qnubOg8y,4pR0vwa6
597,2018-07-17,sqPup0zD,XdP0UFra
598,2018-01-14,WANlheA3,TEnkaOaH
599,2018-06-28,CcMYtyxi,6Tinez7b
600,2018-03-11,D2rRdtcU,mT8l5dY6
601,2018-07-05,OB1iDbky,gDH1K8Q9
602,2018-07-21,VDoAOVIN,HX0TCTq7
603,2018-07-30,wPvqMLL1,zZskJn54
604,2018-02-10,PDp9yWGn,6PkqeMvw
605,2018-01-30,eExFyJnI,AXAnQoeW
606,2018-02-13,IQxml5Ov,MaS61tks
607,2018-05-04,H3fJuE3d,ozfrMeEi
608,2018-07-20,vBUE9npc,kR1MW8b6
609,2018-03-03,FW0k6qJj,WgvOlMwi
610,2018-03-01,D2rRdtcU,aC8mC6vk
611,2018-07-12,zSZBZ35u,afvVtQv8
612,2018-04-14,R5nySXCv,IjmopcqY
613,2018-03-20,VUuc5PXB,Fi7wBQ0Z
614,2018-04-24,lAQ2ezg4,LAy1h2sW
615,2018-02-13,hVXEXCp6,cu4NjuQy
616,2018-05-22,duFAD7Oj,RxIblpxQ
617,2018-03-29,aYDoH4fP,YzUIAMyw
618,2018-03-17,reM46BBV,rBM7WzgD
619,2018-01-31,OIwMp9CF,wPDffG4C
620,2018-06-23,ihB9dvN8,Ol9eiXJU
621,2018-03-16,7wzLp7Fz,ZUBBVfLv
622,2018-04-27,OBhFRvc9,Xf95DPyf
623,2018-01-07,BcmduAcr,tmQ4pbBZ
624,2018-03-04,PC5j8Xbz,Brki88lx
625,2018-03-20,zIsKgT9z,ttrx7iDh
626,2018-04-16,f5027qQa,zrpJJIxa
627,2018-08-03,r8DzdWia,qy3R33vj
628,2018-03-13,1OX1sa5d,I2rtjd0p
629,2018-02-15,U4DkoHzw,ttuUa7oZ
630,2018-01-07,SopOr1dh,3ckGLbFh
631,2018-05-03,NWQprxhS,ykZ8idYZ
632,2018-02-09,e4OzpoBg,cMAtdxfl
633,2018-06-13,9g4zdVPz,4FI0nU2S
634,2018-01-19,4Fykks7I,BE182FxF
635,2018-04-07,VNMH5WOm,Q2rC6wwk
636,2018-06-03,3FIk9PzK,66WlSsVS
637,2018-07-01,Ybq2fgpZ,iNGQwszM
638,2018-07-08,8FW4Mcdu,y2BDzzRP
639,2018-02-07,V4iM2T5s,jLdkb1kU
640,2018-06-25,EDIjGCYf,cfpjJgwH
641,2018-07-05,aIHbjLm0,5JfT1h60
642,2018-04-23,X9uaRMhE,OlJphXW8
643,2018-04-09,wt3wPonm,y08IfqVK
644,2018-07-07,21kodcEG,BU7YVseC
645,2018-07-04,zRhGwwoS,CRyHSpMK
646,2018-04-30,yIgJciWH,lzuJqY0L
647,2018-05-14,ZokJ6LNl,QPHDNPhS
648,2018-06-15,OMGzBOG2,1EePnRXc
649,2018-05-07,hmCO55Jh,bi2cwJ3G
650,2018-01-23,t9Jiy5DV,RuuNloQR
651,2018-04-15,zb0vMLnk,gD072hu5
652,2018-04-03,NEhhxIpR,GyPi1kIq
653,2018-04-20,AvFPNERA,dvHPAdzI
654,2018-05-12,hLE3kUgS,zMzvHVK6
655,2018-03-04,nSQo4Oag,2880aQgG
656,2018-01-13,w4fbBAHz,oIPCa6bS
657,2018-05-23,Nh6mVUSJ,Sv5UEGs9
658,2018-01-09,kGNoxyjr,pk8Yjhmb
659,2018-07-23,iGM1pNAW,TzcFozga
660,2018-04-04,1rc8hVjW,2XhOBPqb
661,2018-05-10,fBiO6xfz,U4EvfFRo
662,2018-03-16,6q9ad8AN,iceLMAYS
663,2018-01-15,9mitxV4c,hyZ7IEBB
664,2018-02-07,WP0zK2vD,VMIgEysf
665,2018-01-25,C1anjpjY,xSjF74Ci
666,2018-05-10,yyR9BhcY,Ym3vu9gN
667,2018-01-12,fEblDNi4,xFJ2ffz6
668,2018-01-03,uQnCJsZ7,u749Cz0W
669,2018-07-07,aPJLKbzV,OEja3qZ4
670,2018-05-11,ODsfSM4i,0DDipTL7
671,2018-01-01,2HO1VQMH,x3nFpvyz
672,2018-05-03,huOvDnxG,s7e7wrY5
673,2018-06-30,CI9vJhaJ,zgNe8xmD
674,2018-02-19,Zlx2K4lV,HTw40w9T
675,2018-04-12,RKn25ruk,9S6NiOss
676,2018-07-08,n8ozjlAC,6LF0Oe97
677,2018-03-26,jrKJsWxt,gCobdQIY
678,2018-08-10,DmzMPb9I,rXYe4THM
679,2018-08-09,UCv0DPmw,O8HqwJ0E
680,2018-06-22,EVMG4AH8,dii9quuR
681,2018-06-04,ZlVhjpOv,uJKIceL8
682,2018-04-17,GgTzM1CX,JQ1ontAL
683,2018-06-18,DlGF6M86,dZg2oRK4
684,2018-03-22,JDXBiYSz,00ufS2Lx
685,2018-06-21,bHq0vidG,F8u48pEf
686,2018-08-10,RwcIiTus,XWziAF5j
687,2018-02-14,fI1VAP4Z,ohaaB8Ma
688,2018-06-17,KYXaGlD0,zOjLBKQq
689,2018-06-15,IQxml5Ov,N4fFOIS9
690,2018-07-02,9bonaNFo,1XtXqtSj
691,2018-04-26,8Z176ddr,pyQMAPMC
692,2018-05-21,cCeZ5MBc,RmJ0Wg05
693,2018-02-05,8JrX2a7q,NGhrqxid
694,2018-01-31,6YSwkZJh,B6h9dFGe
695,2018-01-23,aQ4O07Ac,FJRben7B
696,2018-02-19,9onnaxdj,JMbCzNTi
697,2018-01-03,QnFBV7vH,JpEOVnt2
698,2018-06-30,Lu6PrbAH,4oRxw9bm
699,2018-04-02,00t9uCnU,a6fSp69j
700,2018-05-15,mHSv1mRc,ZcAC94I7
701,2018-05-28,o4Qjp3w8,ulIgNcer
702,2018-04-30,28CfoAiW,aWHnxSQd
703,2018-05-17,7QpZg5cf,CZl4qexR
704,2018-02-04,n0DnqOtk,oClkzbJ8
705,2018-07-26,86i9BY27,2Kq9y3YB
706,2018-06-28,FDtsjvym,X3yPIcn1
707,2018-02-18,5JqY5jo2,LbNIzj7m
708,2018-07-31,8UqZcJgp,kf0r8mul
709,2018-05-02,Dkd7scFh,RPm1s5nd
710,2018-04-27,4ZZjuF9i,CVAWvN0Z
711,2018-02-20,8Edfbupf,qzU6G7NX
712,2018-01-17,jK5slhye,yjauLigp
713,2018-01-08,yL2oeZ50,Y6lIToKc
714,2018-06-02,lPlQFoQM,iaT5TUfA
715,2018-05-01,hZB8vfVz,KumDTmZD
716,2018-01-06,ornsCAZ3,Eg5yZl4G
717,2018-03-31,kPSOt2hZ,R1XDWCpq
718,2018-02-01,AHa7sbeY,OsEhGjkK
719,2018-07-23,xB7oGkTc,L8J8RIYc
720,2018-06-28,mUWzcRR1,qdKHJFZm
721,2018-01-26,lIswaSey,L9hSnQqK
722,2018-03-22,JAuHHFzA,2MKfFidz
723,2018-08-04,qzVs1QBo,gTpdPH94
724,2018-04-22,qA1zduDW,yqo0j3Lg
725,2018-07-25,yuFUWMUO,uZc6bTCa
726,2018-03-23,Vw3nTvYr,BwCZ9Idv
727,2018-05-11,L2nlYBQy,jrzy6KRs
728,2018-07-01,BzRZfCYd,vJBHhZqV
729,2018-02-22,vWm1bpWn,RfEmiAIj
730,2018-06-22,W923ZZWU,7c8fXMgJ
731,2018-08-01,7wPhqFrg,aVHUBhPr
732,2018-04-07,8DInW9Gb,JJMkFGgk
733,2018-05-12,zYjNykuT,HiUWrK7H
734,2018-08-02,GOk7oSr4,SsL9MpTC
735,2018-03-07,s4HTgkqK,PWvNN6pJ
736,2018-04-02,Q2VBZJFs,c88ldZ1c
737,2018-05-10,PPDjVSiD,xscvyVG0
738,2018-05-29,UouNtS6z,Lmg7JPop
739,2018-06-21,M6MO24Sl,DhYEihRQ
740,2018-02-03,MrGNLWWu,kzcoYKJd
741,2018-04-27,GDkRtfIn,Vp5DPVse
742,2018-08-01,NCaZMpQs,xuTZFbYO
743,2018-05-28,HYAxtV4c,uwVGuYDG
744,2018-05-30,gTAyjblz,LdiCSXUi
745,2018-07-27,VzGkvsOJ,9FwgNh50
746,2018-06-04,5SonIjo5,sETQsKRO
747,2018-05-17,vb3Uavd7,hmx0aYhQ
748,2018-06-07,OqKAZ4mO,7QLzgDOh
749,2018-02-13,a0b0xgFo,XH6e4coi
750,2018-04-19,yfmW9cxB,oOYYPFkN
751,2018-01-15,EeajisrK,J0XNYGMK
752,2018-03-14,sk91rBqp,xKRmYBCm
753,2018-05-10,oeXUBaSD,Myuclu80
754,2018-07-10,ZO81TWPU,k7vtmIHG
755,2018-03-16,N8EJvxXP,TP8sagiA
756,2018-02-26,ClWmuvAk,Wxu79O0a
757,2018-05-13,htdC2JWJ,YD1NqRqv
758,2018-02-06,WzFp3X9X,csfBAKrB
759,2018-03-14,N88li4vs,bcHQuAMj
760,2018-04-30,5ccMiAdE,J0Q9cWaU
761,2018-01-31,NbVJ9y6Y,S2l1PEho
762,2018-07-27,GURtX3yx,Uo1dq7Pc
763,2018-02-14,IEfq57wg,0Egss3ni
764,2018-08-10,w66IQ13W,OyxvYmmQ
765,2018-01-22,GDVmYsqt,tohQj2Em
766,2018-07-08,j1vpnes4,JwuuccnJ
767,2018-02-16,e6o9wTN5,GlfpdXwf
768,2018-04-07,vSdQvDT6,u92JgSRm
769,2018-02-04,9CL4Mtjk,VAAiBtsm
770,2018-07-14,UoinoaDw,MG4KvSfu
771,2018-07-02,EleFyWm9,Ci4g9kOl
772,2018-05-21,K5zAM583,eCngCPf9
773,2018-05-31,KADBjusL,Rg11njij
774,2018-05-30,mfkJLALh,ZZSFNpMG
775,2018-06-29,xaaB2GjC,1OYXGlQS
776,2018-05-30,4SthVGWU,0Le9FJIx
777,2018-02-01,NIo8Q92P,olZ5hiZY
778,2018-05-13,L4ShkwS8,KHJDTqKT
779,2018-05-22,tTCUcfBx,FMRawOgE
780,2018-06-16,JriG3sxm,YlR0UYR0
781,2018-03-22,cagkPA0g,R1ZEZGZo
782,2018-03-18,zmWBtBHW,ch8RPOyu
783,2018-05-01,XGC5wmZC,Kv3Tcew5
784,2018-05-16,ctQIile8,LVAs2pSv
785,2018-01-07,VwlIDItW,NuWfMbWH
786,2018-07-08,c8isH2S3,HijpWfHb
787,2018-06-20,XpUfcSQJ,bYBYheBy
788,2018-05-05,351iXVeP,Tn0LGYpO
789,2018-04-10,jyRrwPJf,0Yz6mTGC
790,2018-01-31,iXasrMAA,tWivx0Wr
791,2018-06-24,C2LOXaXr,P2q0y7uK
792,2018-01-16,6sxWCAff,1R0CMD1g
793,2018-04-13,dYbgZC0k,bFdBz8ut
794,2018-01-09,bgw8u4dy,7jYhKoQD
795,2018-01-26,9aXDcmVC,QVvGgHPz
796,2018-06-14,tKZC9fBP,mRyApeOZ
797,2018-06-16,4vuKcFdF,SIZedhap
798,2018-03-08,g1ftShGM,RdAY0VKT
799,2018-03-17,y6TnFD16,a7IedFog
800,2018-03-26,KK5mELWH,kqdLTKow
801,2018-06-22,3BEGS4Lc,IpkFOYJw
802,2018-01-31,bHcS2IY6,gpCTiYqi
803,2018-05-12,KbOWKTxy,JvzHFyiF
804,2018-05-31,mIHK0bSd,hSH18Ld0
805,2018-07-29,pvy6eddL,Vgd4dQAp
806,2018-04-21,2JTkaQge,3UcOCV9o
807,2018-06-11,HtVpbNEP,q8nK1SA1
808,2018-01-03,32dEqu3q,SpngNLRK
809,2018-06-17,rbrwRMYh,8EsBrbqu
810,2018-02-14,4irqof2w,Vvt4sSNe
811,2018-06-27,OkAKUEPI,zkfqwTHd
812,2018-04-26,A35GK5hD,SeBPhunC
813,2018-04-30,oYpXWOw6,4ZnXigrm
814,2018-07-22,MPg3mNSi,Os2OafNh
815,2018-04-28,FahiRkOW,2Zs8rgUi
816,2018-05-22,PQ6AAIuD,8joXSOS6
817,2018-05-15,lFaGK8uh,ftkOVXAv
818,2018-03-16,0WCi1uDf,qA3HmuoQ
819,2018-04-20,hiBj9o67,cWi3VsSb
820,2018-07-12,E6NEapAi,yPwYdkRI
821,2018-05-29,8CFpRcDL,tCP7JqYp
822,2018-01-02,DUV5Jfhx,Ojj9CuYn
823,2018-01-17,h8i8cNjG,JBZisQUk
824,2018-03-09,Sm3Ig2Af,YOyYINao
825,2018-04-28,kwbTYMPw,TiEUbYKh
826,2018-03-11,K06cpv56,5weZCAMF
827,2018-03-06,uFvS7ITL,m8chKhSX
828,2018-05-10,VQugBzEP,MTQXZryU
829,2018-07-11,QATBiTEp,IiaRtuXt
830,2018-06-07,w4fbBAHz,es1vZHkd
831,2018-01-26,9pbrzxD7,Qq8HmDaW
832,2018-06-27,G5hEAMM7,aanN3jEa
833,2018-04-13,YeOf7Fft,RvPlEUK1
834,2018-01-04,mCJiloUc,tDMoiPRO
835,2018-07-14,P09HcqbW,QRHydbXt
836,2018-05-26,VQugBzEP,V6A1KJlb
837,2018-02-09,aMP20FwU,SL5GvOMm
838,2018-02-27,VJ66cSmA,hPAB8BIm
839,2018-04-04,0Ml2Bbq3,GktCUP7F
840,2018-07-14,WA9NXlOP,HENdds6i
841,2018-07-22,GS3lFLAN,jciJjMtY
842,2018-05-02,kvqOT7iU,QfSUfVKh
843,2018-05-16,XGC5wmZC,hmg1zkBC
844,2018-06-21,LFwgdRhd,d5CXBNhR
845,2018-05-23,xEGYYvCT,BsT9qG17
846,2018-03-05,ZokJ6LNl,BYnmAM5W
847,2018-01-07,ziReU7dn,HjJsF71K
848,2018-07-11,cGl1PUpy,gGGP1uaM
849,2018-05-10,H8eMLVDP,4CFztwcW
850,2018-02-02,a7C0bAp6,8VUb0bXT
851,2018-01-26,0KnX1nBm,3u4JxCZe
852,2018-07-09,HH277GOJ,zWAySyem
853,2018-07-14,tlBTfNal,tWonN2ZN
854,2018-01-21,tzgMesXl,Lax0f1IM
855,2018-03-23,ex6CzKAZ,d84oUiX8
856,2018-06-22,NJk77CaN,NvwZyJch
857,2018-07-20,pcDOlQek,IG7kxXFU
858,2018-03-26,3qATtlc9,O0YES4Xl
859,2018-04-07,jUvYntMV,lukzhhyu
860,2018-04-22,tP7ucCH1,4Z0jTn7D
861,2018-01-05,bu6X3Zzk,AUj6LRie
862,2018-01-31,Nfdvuo2d,E0QbNhJv
863,2018-04-16,dra9b5WM,Bjn15L3v
864,2018-03-10,K6vb5XGm,Peads4Xb
865,2018-05-16,8Z176ddr,ptJIjURL
866,2018-02-20,9zeCn8of,mcq1koQ6
867,2018-05-15,qnubOg8y,qmd8iBCT
868,2018-01-24,26d5ZZwD,WtlxbENP
869,2018-01-13,pFPtMZ0h,uX5BGEXr
870,2018-07-05,5JgD1sCe,wJmLRLYK
871,2018-04-12,RnA2a2CK,nxpumUZN
872,2018-05-30,zp1QO7Lb,LhqjS75U
873,2018-01-13,pHe4F7e8,miex7caT
874,2018-03-29,gfi1LfR1,Kt0f1wcP
875,2018-07-09,VXFf7LVU,ckXzdhsy
876,2018-06-21,qnMHRpgc,NqcvuYYR
877,2018-06-05,mWWsFb6Q,Z0hXoX2d
878,2018-05-22,lTvGGLpK,Y4vEzLqA
879,2018-01-22,DQZMECyz,D3WAoOLr
880,2018-01-21,iG0Efbxr,jjWskX6q
881,2018-02-02,6FHpGXTJ,iIVIwWjn
882,2018-01-05,vpX6JPfp,IuI1pDks
883,2018-04-30,4pEYGpdQ,WivWqgLF
884,2018-02-08,59armo2x,urg1xUY7
885,2018-07-16,eIvwxsnD,v1KRVZZc
886,2018-08-07,ircMLk9H,biEUVTdh
887,2018-04-20,sc4jmeYu,jex93KBr
888,2018-04-25,JAuHHFzA,2sHmFxYO
889,2018-08-06,cZ1Zi77Y,D45BSuwJ
890,2018-06-20,p3lpz4zk,pG1pd3L6
891,2018-08-02,h5suwXeJ,3tfwiW2S
892,2018-06-24,zd1PrIiQ,tOIePeUy
893,2018-05-19,ASewbN5T,4eOf0MzT
894,2018-06-12,hTv7247c,TPfLmHXe
895,2018-08-02,oHp2NDXr,gJxCmjMs
896,2018-04-26,ZPVyTTjE,z1qschA2
897,2018-02-26,8bOo42DY,uqA5dYfO
898,2018-02-17,63EIH6ui,pLi5uIUQ
899,2018-06-19,lKpLQc1P,9Ei2EKTW
900,2018-02-10,JDXBiYSz,xWTHsvs7
901,2018-04-09,n7b7n54u,G8LlzNxl
902,2018-02-01,uyfOTFM7,xivpWTDD
903,2018-03-25,4U5LQesK,s76SJ4SF
904,2018-01-03,IvgP1HLs,EfvuB2DF
905,2018-08-07,6ragoGzd,3LAt0VKZ
906,2018-02-04,yoAk3LNc,7zIHUEqS
907,2018-07-06,H8eMLVDP,XHMg15wk
908,2018-07-17,ZAcgDQjA,Kbek4fj0
909,2018-06-08,AbtXzGnl,kUVyxaW4
910,2018-05-25,gzJDMe8C,M7EiqOW9
911,2018-02-03,xq1Bye0Z,LFiUYary
912,2018-07-14,OYorerQW,ysYfGJhT
913,2018-07-09,RwzH71CT,xLdq3Kbr
914,2018-02-14,BSWWSqTm,2LegpZGz
915,2018-05-09,8DjC5EAU,EZdU1BcV
916,2018-05-09,DdSLWTFL,9LraZrxa
917,2018-03-04,4U5LQesK,JH2A3w8H
918,2018-05-03,2WznnoxN,y7MenMlT
919,2018-08-07,m0DtDHxZ,8ncf0Gvz
920,2018-06-06,F8Nq2hZb,xgcofVUf
921,2018-04-15,gSonacow,sbMlbGap
922,2018-06-08,xcs6Qijp,4FFNGcQ4
923,2018-04-28,vog6Souc,YhonUfLo
924,2018-03-01,Ur2a4oKz,G5NLP1EX
925,2018-03-09,XJN9NF4k,09ZC79al
926,2018-07-09,lasv8zD1,WqBwgUX8
927,2018-03-30,YIgHPalS,5nvI8FgM
928,2018-06-10,ar17Yh2O,B59P3FQ0
929,2018-02-12,WANlheA3,mVDCAWBa
930,2018-07-01,6gU3vD6i,lvyNkHYc
931,2018-04-17,IOnu1dl1,8Y2lDtDk
932,2018-03-07,BV5B7BaV,2F2uYSuP
933,2018-04-03,0DY6BFeh,j7rWxqVs
934,2018-02-17,g9BFSXZt,OZOS19Lm
935,2018-06-26,6rEvDTNS,LpiurCgK
936,2018-06-15,nv3DmzPn,GqdvWX54
937,2018-02-27,2WznnoxN,7r10ilkj
938,2018-07-06,BSYiKewC,vR7bJMZ4
939,2018-05-05,JKWI5zaz,XyNdgUAl
940,2018-05-17,Ys6PHLHP,pDG6wZoU
941,2018-08-10,siY0bko9,HChtflUA
942,2018-02-28,PkWUr197,Povgi4hf
943,2018-03-27,8TxXn46v,Tf9wKFrs
944,2018-07-08,k2JVUaz3,J9cVXLKx
945,2018-07-20,sXtpQKua,xQaWVAxT
946,2018-03-14,0pf2AZfK,cFcYTusK
947,2018-03-22,6kguCZ1d,W9CL2wUk
948,2018-07-06,ucSK9iNS,2KMLEvoI
949,2018-04-21,czCstxag,V3z9AFO5
950,2018-05-30,UEonXvyf,XWTXmHgg
951,2018-01-06,Nf3I86nx,HkfQ4PvN
952,2018-01-08,IDpjdRNd,PjU7fkkF
953,2018-06-30,NaDU3fml,9pFSthZU
954,2018-02-01,xAql7KWT,XUMUEhPO
955,2018-04-06,vXYPNFTG,u7TfevZV
956,2018-02-20,FHRjDDg2,Ico2o9Ag
957,2018-03-21,laFCnjzP,CGsB1Im9
958,2018-03-09,Te8vZzUd,j33WOEcW
959,2018-03-05,5EjkUWP5,SGgPtdnY
960,2018-07-10,c8isH2S3,qCbFrB7D
961,2018-01-28,CeGxCc1r,lvztoc5Y
962,2018-03-01,54eyqqMm,gt65yUBg
963,2018-01-25,hMce810x,t6dL7ws0
964,2018-04-21,pvHColbu,myRufbaY
965,2018-03-31,a4kv1U8B,FAORZ7P0
966,2018-07-12,sY5wY2hz,v3s2FApK
967,2018-01-10,X3Pic86j,HylUYL74
968,2018-01-16,2jbdegfd,DdLFHT8Y
969,2018-05-12,42WvpdfV,gKfXpuFS
970,2018-02-26,LiKARPzr,pbIPgWfc
971,2018-03-01,IE0XHcFl,QKTvkW8g
972,2018-03-23,omz8Fg3v,GvYlu8Z4
973,2018-04-21,Ybwco7Zm,gwI7UYg1
974,2018-05-07,epeYWJ1J,ntO3tP1w
975,2018-01-02,drsJu72W,t7m695Z7
976,2018-04-04,B0kjBy87,akmAoAtg
977,2018-07-06,2uIEnth6,IEl3o3pz
978,2018-01-28,v5j8pskm,ZGuclmJT
979,2018-06-11,n6KO9RTY,LrRIWx0P
980,2018-07-25,D3nhOKzH,PeV1trLv
981,2018-07-18,ttuYwd0c,r6d2jxaU
982,2018-01-09,lPlQFoQM,wmKNs1XJ
983,2018-06-29,zmMAvcRx,gpTfmgGB
984,2018-04-17,6FHpGXTJ,RBMT1xiW
985,2018-05-29,fzOD4Kok,5qcTbGfZ
986,2018-06-01,3J5bdXZ7,Xmdwfaj3
987,2018-04-02,TcnvnlVs,xZEV27i1
988,2018-04-07,MV7rSFFA,OEYiA664
989,2018-03-19,thbl4vBP,96BUIUTi
990,2018-06-01,TPVtdjkO,NTcEt4Wo
991,2018-05-21,iWMoOhoX,F1fcovn8
992,2018-02-20,ysmq6lG8,cQ89ezUH
993,2018-01-28,g5Pk77JX,aK15hVtP
994,2018-04-10,AqMGrke5,DvqOzAgu
995,2018-03-13,l54YhZdn,YVbxPNqD
996,2018-02-12,ltUQs85p,geOWrX02
997,2018-03-16,1hCE8C2I,IqkWCbSA
998,2018-01-03,DsPnmNb8,O5tE2l9j
999,2018-02-22,gEAj1dx2,B4CvzRRj
1000,2018-01-27,fQBhuuWS,O1dWZKB9
1001,2018-08-04,darSTOdZ,09ZC79al
1002,2018-01-05,7K8W2ZBx,cQ89ezUH
1003,2018-05-28,yL5DvpSQ,TEnkaOaH
1004,2018-06-19,CeGxCc1r,7c8fXMgJ
1005,2018-01-17,wiTgHN6C,ofINYADl
1006,2018-03-05,NzHkv9qr,nxpumUZN
1007,2018-04-04,izH6m1ER,2MKfFidz
1008,2018-01-23,VGH1ttix,pbIPgWfc
1009,2018-04-24,YAMKy5nX,QPHDNPhS
1010,2018-04-07,IwsWP6Yi,xivpWTDD
1011,2018-02-04,JnnodgB9,66WlSsVS
1012,2018-05-28,OivgHYap,BwCZ9Idv
1013,2018-04-26,CZJdcaH9,O8HqwJ0E
1014,2018-03-02,RM4MC4jU,Peads4Xb
1015,2018-05-30,JKWmWfvt,k7vtmIHG
1016,2018-06-12,YY1IWhfi,VAAiBtsm
1017,2018-02-04,9L4y4KjR,6ZbooQmg
1018,2018-07-15,YOagjPWQ,lvyNkHYc
1019,2018-03-26,w0m11T8E,GktCUP7F
1020,2018-02-20,cCtE42Tz,LVAs2pSv
1021,2018-02-21,t4HLjFq0,Md8JGKWS
1022,2018-04-11,zp1QO7Lb,E7s5xCoB
1023,2018-03-05,exldzHij,4pR0vwa6
1024,2018-05-08,qACtthZf,2LegpZGz
1025,2018-05-02,SEd0b0CQ,x3nFpvyz
1026,2018-03-13,Mkm5FnWv,O5tE2l9j
1027,2018-07-28,T0zyKVYO,oOYYPFkN
1028,2018-03-23,v9A95UR3,zrpJJIxa
1029,2018-03-06,unq4IeNJ,gJxCmjMs
1030,2018-07-21,qG27294M,D45BSuwJ
1031,2018-04-07,rgKzSgMO,4CFztwcW
1032,2018-06-10,0nnymD6U,QKTvkW8g
1033,2018-07-13,iZ3nMkEm,BE2dMO8H
1034,2018-05-10,QWaKKXxG,SIZedhap
1035,2018-05-23,2JTZhamk,d5CXBNhR
1036,2018-05-12,MoXvwXHT,70ylTqwG
1037,2018-05-17,wDLYaWj4,a7IedFog
1038,2018-01-17,VLFDGSLa,cu4NjuQy
1039,2018-04-12,d9CYMAiw,JQ1ontAL
1040,2018-06-24,hYjlf12C,bYBYheBy
1041,2018-01-12,TPVtdjkO,vDusOQFz
1042,2018-05-05,9wiJlvAi,HkfQ4PvN
1043,2018-03-31,A0fUwYa2,XpRW4ze3
1044,2018-07-04,vsGXuwvs,akmAoAtg
1045,2018-06-06,unq4IeNJ,2F2uYSuP
1046,2018-03-11,KPXDiyF2,JJMkFGgk
1047,2018-04-18,WhpFaaVQ,DdLFHT8Y
1048,2018-06-05,25CWoNV1,Vgd4dQAp
1049,2018-07-14,QaIRwNoT,2XhOBPqb
1050,2018-06-06,rx5zuuS8,9S6NiOss
1051,2018-02-28,T4os4v0o,urg1xUY7
1052,2018-07-16,fQwOlAJp,dZg2oRK4
1053,2018-03-02,ohD4IteL,sVbyOyVD
1054,2018-02-28,ZRxeZIAV,8EsBrbqu
1055,2018-07-01,AEHGWm96,vR7bJMZ4
1056,2018-04-22,cqZdf4IB,t7m695Z7
1057,2018-02-26,1hPQ4bTR,XWziAF5j
1058,2018-02-23,ubt6xNe6,t6dL7ws0
1059,2018-08-06,wL3CM3Rm,SeBPhunC
1060,2018-06-20,6jRT0VV9,ptJIjURL
1061,2018-01-16,0kZNwegJ,S2l1PEho
1062,2018-02-18,ZVk1HHVU,MBLodgJr
1063,2018-03-24,HtVpbNEP,RfEmiAIj
1064,2018-03-23,kqhRIEQQ,NTcEt4Wo
1065,2018-03-21,5JgD1sCe,CVAWvN0Z
1066,2018-01-10,e6o9wTN5,F1fcovn8
1067,2018-01-02,lYm1g3GQ,mVDCAWBa
1068,2018-06-13,4GHGVwEa,0yXRVgT6
1069,2018-06-21,aDdWo8my,haM1k7eT
1070,2018-05-03,uGly51hp,zWAySyem
1071,2018-03-02,pbHgitPe,OEja3qZ4
1072,2018-01-05,hfE88rbf,u92JgSRm
1073,2018-03-29,MnfzMUZO,pLi5uIUQ
1074,2018-06-24,ZGpoW4f2,9fFxMqQR
1075,2018-07-06,62gvvLnb,tWivx0Wr
1076,2018-04-05,NvrDov1B,JpEOVnt2
1077,2018-06-25,fSfAgpO4,HX0TCTq7
1078,2018-06-01,lFaGK8uh,O0YES4Xl
1079,2018-06-10,IfktYcZo,qA3HmuoQ
1080,2018-03-20,5j1gwVxw,xSjF74Ci
1081,2018-05-15,tzTQooMa,pDG6wZoU
1082,2018-01-22,4GHGVwEa,54Y72OsL
1083,2018-03-06,bijdHzm3,olZ5hiZY
1084,2018-05-23,KCbACqzq,96BUIUTi
1085,2018-04-03,DWbe19yd,OZOS19Lm
1086,2018-07-19,mHSv1mRc,ohaaB8Ma
1087,2018-03-25,36PEMYhw,zOjLBKQq
1088,2018-05-31,0pVJUBAB,j7rWxqVs
1089,2018-01-09,XrUuE18I,FMRawOgE
1090,2018-07-28,OqKAZ4mO,cMAtdxfl
1091,2018-07-31,XUdHl8La,IlbJsCn2
1092,2018-01-19,vTAis521,xscvyVG0
1093,2018-03-03,ZEDluVDK,XdP0UFra
1094,2018-06-18,TEin7Gwo,aC8mC6vk
1095,2018-03-14,qACtthZf,TPfLmHXe
1096,2018-02-10,CcudcKo0,mfeWR516
1097,2018-07-16,PpptzfOk,aGP9uUhc
1098,2018-04-17,KlgfQNfs,GS236k3i
1099,2018-07-30,zIsKgT9z,j33WOEcW
1100,2018-08-01,JbzfAt2g,LrRIWx0P
1101,2018-03-01,TdVItZyn,4oRxw9bm
1102,2018-02-24,8r4O3HrP,d84oUiX8
1103,2018-06-28,OZ7zXeKE,dvHPAdzI
1104,2018-01-21,58NJ1ysS,8VUb0bXT
1105,2018-04-13,JEkVhefO,HENdds6i
1106,2018-06-19,itUVxh7a,Vp5DPVse
1107,2018-06-22,Vv47kUko,Ico2o9Ag
1108,2018-01-04,zDiOWr4O,TzetJznU
1109,2018-02-12,MIlme6uz,pyQMAPMC
1110,2018-07-26,u55A5dxa,uJKIceL8
1111,2018-03-04,YjEDSv20,gpTfmgGB
1112,2018-04-24,v9VoTr17,rXkHPktr
1113,2018-01-14,yNnc0VAh,N4fFOIS9
1114,2018-05-19,ekjyXKiH,afvVtQv8
1115,2018-02-26,T1Mq9yNf,qzU6G7NX
1116,2018-02-02,yDa0UVSv,ttrx7iDh
1117,2018-02-17,xtIOs2SR,lxWaMy5K
1118,2018-04-09,UkwSOzyh,3YZ9YmyE
1119,2018-03-10,b4PGOjk6,1R0CMD1g
1120,2018-04-04,hmCO55Jh,RxIblpxQ
1121,2018-05-31,4o8c4prU,0DDipTL7
1122,2018-01-31,ds0w3D6K,iNGQwszM
1123,2018-07-26,VDoAOVIN,xRxVmSAD
1124,2018-07-28,4QUYtzFA,UuyYux06
1125,2018-01-01,K1dTdPrV,Wxu79O0a
1126,2018-03-28,MFqzCRSM,xgcofVUf
1127,2018-06-18,ttuYwd0c,yhckdGJV
1128,2018-07-13,bE3uxlo0,MG4KvSfu
1129,2018-06-15,wiTgHN6C,PWvNN6pJ
1130,2018-03-13,cGpaFCkk,HylUYL74
1131,2018-05-09,IKe8MxVK,Myuclu80
1132,2018-07-26,xLaU1pAf,KHJDTqKT
1133,2018-05-01,iBbEd6NS,tCP7JqYp
1134,2018-05-08,mWz72tjb,RBMT1xiW
1135,2018-03-07,Ue1v28QT,7zIHUEqS
1136,2018-03-26,37u7fsU8,Y6lIToKc
1137,2018-02-06,nePNGTyd,ch8RPOyu
1138,2018-03-15,HzAKXaqg,8ncf0Gvz
1139,2018-01-31,TqsVasf2,J0XNYGMK
1140,2018-07-31,una282uP,uwVGuYDG
1141,2018-04-16,wtLQZ0wz,HijpWfHb
1142,2018-03-01,wDzvpl6d,sETQsKRO
1143,2018-06-18,8cFdcJhJ,2880aQgG
1144,2018-01-18,ZSr5N0bA,y7MenMlT
1145,2018-03-26,0aWT4V6n,P2q0y7uK
1146,2018-01-26,qkvQmf2g,SGgPtdnY
1147,2018-07-21,WTxtx2K2,FJRben7B
1148,2018-05-18,DzQvphRO,8d1sIMe8
1149,2018-07-29,SD7PVW9p,baT26aQr
1150,2018-02-13,kkqhlCWT,xFJ2ffz6
1151,2018-02-12,2JOUsz0X,c88ldZ1c
1152,2018-04-19,662X8SN0,csfBAKrB
1153,2018-01-19,pcDOlQek,J0Q9cWaU
1154,2018-07-08,a4kv1U8B,OsEhGjkK
1155,2018-03-17,Z7OyG0ia,qy3R33vj
1156,2018-07-25,KwbhzDby,JmlwbXhu
1157,2018-04-02,M9xhwTyo,0Yz6mTGC
1158,2018-01-24,2FSZPkh1,Xmdwfaj3
1159,2018-05-26,8UqZcJgp,5weZCAMF
1160,2018-07-17,52hOSdHV,E0QbNhJv
1161,2018-06-17,cDM0VXGT,vH9sxfOF
1162,2018-02-04,mCM2lNTV,Y4vEzLqA
1163,2018-07-15,f2nHHd46,y2BDzzRP
1164,2018-03-11,NRKsEMC6,G8LlzNxl
1165,2018-04-04,O1tOk48O,5qcTbGfZ
1166,2018-08-04,RDdnNHRi,2L98GMsc
1167,2018-04-05,bukBkYvg,s7e7wrY5
1168,2018-05-18,2awHq1IJ,NvwZyJch
1169,2018-07-25,lB2pmccT,B4CvzRRj
1170,2018-02-08,AgwiMpMb,9FwgNh50
1171,2018-03-07,LWMWAno3,sT6xtebL
1172,2018-05-09,Pzl3Y40P,YBmVi0wa
1173,2018-03-23,M6q7IjJ2,Kv3Tcew5
1174,2018-07-09,iHyfwBL2,lvztoc5Y
1175,2018-01-13,v8ssVch9,gt65yUBg
1176,2018-05-18,FoqKPL7S,8Y2lDtDk
1177,2018-06-30,WSkPUk6F,2Kq9y3YB
1178,2018-02-16,j9eb9qr6,NpvCX9ar
1179,2018-01-31,RbjD8qJY,RmJ0Wg05
1180,2018-06-10,l3SWH6vw,r6d2jxaU
1181,2018-05-31,nX1Xwbha,n9k3DPOG
1182,2018-01-28,9CTaxLvU,Uo1dq7Pc
1183,2018-07-23,pbHgitPe,4ZnXigrm
1184,2018-06-28,xWPxap9i,ZZSFNpMG
1185,2018-04-18,C62NsHzJ,rBM7WzgD
1186,2018-06-21,qOE1AEFt,3ckGLbFh
1187,2018-02-12,6erChl6U,Tn0LGYpO
1188,2018-06-15,Hm8YCeXW,HiUWrK7H
1189,2018-02-25,6oEgAXrL,EOYV5THO
1190,2018-06-24,TorInPhn,wmKNs1XJ
1191,2018-07-21,2jmYEC1U,GqdvWX54
1192,2018-07-01,DJO5TDI5,q8nK1SA1
1193,2018-03-12,E4lYNYXs,Lax0f1IM
1194,2018-01-29,VkOJmKAv,7QLzgDOh
1195,2018-02-16,VlkNvKJR,AOaVEAle
1196,2018-04-11,FHRjDDg2,HFs9lHZl
1197,2018-03-31,FRBcxN2p,kqdLTKow
1198,2018-03-31,e7hRjw8k,7jYhKoQD
1199,2018-03-08,UEonXvyf,z1qschA2
1200,2018-07-27,BIa5lfiH,HUWEzKLB
1201,2018-08-02,v27KwTfR,Ol9eiXJU
1202,2018-03-11,1h4MpAek,Eg5yZl4G
1203,2018-02-03,OIwsFkjK,oIPCa6bS
1204,2018-02-19,tiZexrVj,BYnmAM5W
1205,2018-02-14,9kHVSc4U,Tf9wKFrs
1206,2018-05-12,8FW4Mcdu,YOyYINao
1207,2018-03-23,pS7POYxJ,yjauLigp
1208,2018-04-16,IVLlDqlj,ugZP3ycC
1209,2018-05-30,XAytKPfq,RNIPDDsB
1210,2018-03-05,HtVpbNEP,gDH1K8Q9
1211,2018-05-10,Rv4YlqPa,u749Cz0W
1212,2018-07-07,pmgFzd6N,4Z0jTn7D
1213,2018-03-18,NOQcOwuM,JBZisQUk
1214,2018-01-04,6oEgAXrL,cWi3VsSb
1215,2018-01-12,xInBq8n3,gTpdPH94
1216,2018-07-10,bghYFdiz,tmQ4pbBZ
1217,2018-06-12,rQR6yUTf,iIVIwWjn
1218,2018-04-21,KIqEVsB0,aWHnxSQd
1219,2018-07-06,6qL1uVsK,9Ei2EKTW
1220,2018-07-28,rlgjvbQa,zkfqwTHd
1221,2018-05-29,l54YhZdn,NGhrqxid
1222,2018-04-13,BHyFnFj8,kR1MW8b6
1223,2018-02-20,G0U2P5ot,ZGuclmJT
1224,2018-05-05,nNC9MYHq,jciJjMtY
1225,2018-03-05,00t9uCnU,9LraZrxa
1226,2018-03-18,JAYpNkgB,JMbCzNTi
1227,2018-07-21,MrGNLWWu,7r10ilkj
1228,2018-03-25,6uGxzJri,R3l18JNZ
1229,2018-03-22,6KMpYDha,MBXgk7gD
1230,2018-07-24,XC4OZtmW,mRyApeOZ
1231,2018-02-11,ekjyXKiH,PjU7fkkF
1232,2018-06-24,AdJR6MLK,RvPlEUK1
1233,2018-05-31,0JgHYL8r,QVvGgHPz
1234,2018-01-10,LHulQtR8,aVHUBhPr
1235,2018-06-02,11dLHHIE,tohQj2Em
1236,2018-07-15,y1mPIMAc,Brki88lx
1237,2018-02-14,UCv0DPmw,DvqOzAgu
1238,2018-03-29,iUcjgPCL,hSH18Ld0
1239,2018-06-03,dNYIR40u,CGsB1Im9
1240,2018-04-15,z9h7Bn4e,YhonUfLo
1241,2018-06-16,ENItpZGp,Kt0f1wcP
1242,2018-07-13,I9sckpqa,TYG5XVE7
1243,2018-01-08,0WVujbPh,IjmopcqY
1244,2018-08-03,8QS9JWdK,ftkOVXAv
1245,2018-02-09,26GZxU4T,LbNIzj7m
1246,2018-07-11,rf7kOQvm,Z0hXoX2d
1247,2018-03-03,wipEKfuI,qCbFrB7D
1248,2018-01-09,laFCnjzP,IpkFOYJw
1249,2018-04-07,R93n5HMp,dii9quuR
1250,2018-02-22,7gK9ZUbQ,ckXzdhsy
1251,2018-05-25,E7FgCIIa,V6A1KJlb
1252,2018-05-29,KImKONpX,Ievme2WB
1253,2018-07-10,0hm1W6Se,kzcoYKJd
1254,2018-01-03,OIwsFkjK,KGqULQNi
1255,2018-01-29,c2QIIWCo,GlfpdXwf
1256,2018-02-10,X2CHeUAz,3UcOCV9o
1257,2018-07-31,TZD2FEWN,4FFNGcQ4
1258,2018-06-09,hVXEXCp6,ZcAC94I7
1259,2018-02-24,OkAKUEPI,U4EvfFRo
1260,2018-05-01,n0DnqOtk,zgNe8xmD
1261,2018-07-26,JKWI5zaz,iaGy3qel
1262,2018-07-26,oi75su9m,O41rl5CM
1263,2018-01-03,4nDPPNMu,IEl3o3pz
1264,2018-02-15,7oQ1UncJ,01g7vzc7
1265,2018-03-20,Fm3VMYvN,uX5BGEXr
1266,2018-07-25,Zx4oc40h,IG7kxXFU
1267,2018-01-22,SUvOVJph,1XtXqtSj
1268,2018-01-19,uJBKFSvg,X3yPIcn1
1269,2018-06-17,xLaU1pAf,iceLMAYS
1270,2018-05-29,7rLM4Y4q,HTw40w9T
1271,2018-07-05,NHdgLFoe,B59P3FQ0
1272,2018-03-08,q6SnAUXQ,Qq8HmDaW
1273,2018-01-20,e9DlEWqO,MaS61tks
1274,2018-03-22,rx5zuuS8,4eOf0MzT
1275,2018-06-25,gINzQFRZ,miex7caT
1276,2018-04-22,9oxEbrhB,xWTHsvs7
1277,2018-02-08,XbaLbqHu,XWTXmHgg
1278,2018-07-31,4pEYGpdQ,mBYpneJJ
1279,2018-03-23,9HZxTtAd,Os2OafNh
1280,2018-04-18,6pWiD1qo,DhYEihRQ
1281,2018-07-10,7VP76WbV,aanN3jEa
1282,2018-02-23,4IwSesIH,gD072hu5
1283,2018-06-06,D7hJDzyq,es1vZHkd
1284,2018-01-20,sC5hMsx1,s76SJ4SF
1285,2018-07-17,FhIDLqHL,yPwYdkRI
1286,2018-04-21,aDdWo8my,A4xYcFpY
1287,2018-01-18,n7nfnOD6,VMIgEysf
1288,2018-06-24,D9aDNYyL,YD1NqRqv
1289,2018-07-24,xWHs7woK,pk8Yjhmb
1290,2018-04-10,SwCcq0L9,9pFSthZU
1291,2018-07-28,Uxurgym4,WtlxbENP
1292,2018-06-17,MzQp2YOk,LdiCSXUi
1293,2018-01-01,h5HzjXeH,9094FKPx
1294,2018-03-09,K7HlRCdI,RPm1s5nd
1295,2018-05-03,vociaUpv,Lmg7JPop
1296,2018-04-19,59armo2x,GvYlu8Z4
1297,2018-05-22,oyrXJHd9,bFdBz8ut
1298,2018-04-27,wK6CLeE6,AUj6LRie
1299,2018-04-07,bnCCKAn4,ulIgNcer
1300,2018-06-25,qIa08A1s,rXYe4THM
1301,2018-03-03,AHa7sbeY,0Le9FJIx
1302,2018-01-11,11dLHHIE,XH6e4coi
1303,2018-02-19,zyuWdpxS,40GS8jpX
1304,2018-03-17,lFboCcjz,VZjtqUtp
1305,2018-08-02,V3jeGey9,xLdq3Kbr
1306,2018-04-11,JAWqoH05,cLRP8hSO
1307,2018-03-09,U7k3UhK4,V3z9AFO5
1308,2018-04-07,aU0oNCxP,QfSUfVKh
1309,2018-06-17,68Oa2bYG,Ci4g9kOl
1310,2018-07-19,On3ixqXN,WqBwgUX8
1311,2018-01-30,MDFvCYkO,AXAnQoeW
1312,2018-07-26,ysorTLOp,xZEV27i1
1313,2018-08-08,mtQbbuym,OlJphXW8
1314,2018-02-08,DsPnmNb8,jex93KBr
1315,2018-03-20,pfnEsRuX,SpngNLRK
1316,2018-07-04,8LOA0yC7,NqcvuYYR
1317,2018-01-12,6JBEwMSE,CZl4qexR
1318,2018-03-02,iRwoCfPt,LZwQC8uv
1319,2018-01-09,BycWTeUp,Sv5UEGs9
1320,2018-04-15,xvZS8b5b,JH2A3w8H
1321,2018-08-07,19YkkwEk,EZdU1BcV
1322,2018-06-15,e3Rcc7qn,YjGLwtcn
1323,2018-05-23,JDXBiYSz,CRyHSpMK
1324,2018-02-17,QgeFjUJE,hmg1zkBC
1325,2018-02-12,AgwiMpMb,LFiUYary
1326,2018-07-15,D7omd0L0,M7EiqOW9
1327,2018-01-11,X3Pic86j,XHMg15wk
1328,2018-04-07,n7nfnOD6,LjX8H69S
1329,2018-07-29,vsGXuwvs,kf0r8mul
1330,2018-07-16,nI0PBcIB,JvzHFyiF
1331,2018-04-21,MvfZiJyQ,gCobdQIY
1332,2018-01-09,KKMdtjNR,7ZKgxGFx
1333,2018-07-20,K3gafNKg,TiEUbYKh
1334,2018-07-23,DIYrYmaS,8joXSOS6
1335,2018-05-21,mJZQBsFK,INuyi048
1336,2018-04-12,9is3UeVX,YlR0UYR0
1337,2018-07-01,oYpXWOw6,HjJsF71K
1338,2018-06-25,me43a5N1,2Zs8rgUi
1339,2018-04-05,VMMxGkXc,gKfXpuFS
1340,2018-06-18,k5D6y3ZF,ysYfGJhT
1341,2018-06-30,AvSAW9bw,6LF0Oe97
1342,2018-03-04,GPXtHtzo,R1XDWCpq
1343,2018-01-23,8CKVSXuI,LpiurCgK
1344,2018-03-08,hHAuGTDs,5nvI8FgM
1345,2018-05-03,izmHTAA9,u7TfevZV
1346,2018-05-13,WqzzNznd,JwuuccnJ
1347,2018-03-02,M2qiahlL,esrn8low
1348,2018-01-21,SG6pokK6,ttuUa7oZ
1349,2018-01-24,fgmUDyCF,gwI7UYg1
1350,2018-01-12,tBVmk3Hx,0Egss3ni
1351,2018-07-17,BSYiKewC,YzUIAMyw
1352,2018-02-27,M1iKzrsz,ozfrMeEi
1353,2018-05-19,4rYRcLEC,I0LtCChJ
1354,2018-02-19,9wiJlvAi,Bjn15L3v
1355,2018-05-20,sZuwFNrk,xQaWVAxT
1356,2018-02-05,uUWCVtmF,eCngCPf9
1357,2018-01-28,jeVMc77m,QDqWjEtw
1358,2018-04-12,htdC2JWJ,lzuJqY0L
1359,2018-06-30,AdJR6MLK,Kbek4fj0
1360,2018-07-19,9OBos1Vh,ZPDZMrH7
1361,2018-06-02,D7omd0L0,MTQXZryU
1362,2018-03-02,MO6CVw72,bAXzVFP5
1363,2018-03-12,k2vYAHqm,tWonN2ZN
1364,2018-07-07,SdbtE4xg,3tfwiW2S
1365,2018-03-22,m16LJ1hP,wPDffG4C
1366,2018-04-13,wIYG6WOz,L9hSnQqK
1367,2018-06-01,Y6LwBqP1,Ojj9CuYn
1368,2018-08-07,KptfryhL,Ym3vu9gN
1369,2018-05-22,kPSOt2hZ,geOWrX02
1370,2018-04-01,rq1qJJo3,z7lh7ps3
1371,2018-08-05,ABfgIzXV,7r6GOp6Z
1372,2018-08-01,N9tehHS0,ykZ8idYZ
1373,2018-03-29,xUrlkdw8,TUjZcgFh
1374,2018-05-06,znUfgk11,5JfT1h60
1375,2018-04-29,5LeGPZas,D3WAoOLr
1376,2018-01-21,Xp8SLOAE,WgvOlMwi
1377,2018-02-26,BE4Irxcf,Xf95DPyf
1378,2018-04-15,QShGixeS,BU7YVseC
1379,2018-06-10,n7nfnOD6,D8UIFGeX
1380,2018-07-08,bZLzH9bz,J9cVXLKx
1381,2018-05-17,KMPuVGcs,sy7LkLni
1382,2018-03-20,VzGkvsOJ,zZskJn54
1383,2018-03-04,Y6PIqAfG,1EePnRXc
1384,2018-02-24,rpxtflzO,gpCTiYqi
1385,2018-02-24,4vuKcFdF,XyNdgUAl
1386,2018-02-02,OIQVr5D1,QRHydbXt
1387,2018-02-19,KMPuVGcs,LhqjS75U
1388,2018-05-25,4ligg7ju,qmd8iBCT
1389,2018-08-10,mk3mv6Ol,vJBHhZqV
1390,2018-07-13,t6bphcAV,pG1pd3L6
1391,2018-08-04,BKG025tM,jrzy6KRs
1392,2018-04-30,z4fpSsVs,v1KRVZZc
1393,2018-03-08,KQpC0y7W,xKRmYBCm
1394,2018-07-12,3W94Fclr,mcq1koQ6
1395,2018-05-30,4hXWfaqj,Fi7wBQ0Z
1396,2018-03-19,OeqGBBzQ,IuI1pDks
1397,2018-02-17,0h2Jt1fL,qOmAnNB1
1398,2018-02-01,xxi3K9D6,RdAY0VKT
1399,2018-07-27,2eK0xlgW,1N21pxR5
1400,2018-07-09,XguZhFRP,qdKHJFZm
1401,2018-05-24,pEzIEl4C,y08IfqVK
1402,2018-06-05,oSzVBP1e,jjWskX6q
1403,2018-04-25,0Ow7gaY3,PeV1trLv
1404,2018-05-13,VkKU1mgs,Q2rC6wwk
1405,2018-07-13,3Y4sPln8,F8u48pEf
1406,2018-04-27,HctC9VYg,Vvt4sSNe
1407,2018-05-05,GQAeOjwt,iaT5TUfA
1408,2018-01-03,k2vYAHqm,3u4JxCZe
1409,2018-02-19,b14rSKmH,lukzhhyu
1410,2018-03-17,yHGajY64,3741NvWG
1411,2018-06-27,xvZS8b5b,EorkMzgO
1412,2018-02-25,NvR1NPiM,UzPbKX1G
1413,2018-05-16,QHTQvh8y,mT8l5dY6
1414,2018-01-06,zuOujy5r,tOIePeUy
1415,2018-02-21,0QD1RXUy,qXbwElXe
1416,2018-06-03,qAcj0Egj,SsL9MpTC
1417,2018-07-14,yKSXCNdH,dG5UWHS8
1418,2018-05-01,Nx7Lf1AK,6Tinez7b
1419,2018-02-21,ZXhkrlFk,B6h9dFGe
1420,2018-01-26,nXNShGW4,zMzvHVK6
1421,2018-02-02,atOIWOTJ,BidXiVR1
1422,2018-04-25,dSYWJiaF,28feiCyN
1423,2018-06-14,Z9mPoRTz,YVbxPNqD
1424,2018-02-15,iRwoCfPt,I2rtjd0p
1425,2018-07-02,9h4mAhRw,3LAt0VKZ
1426,2018-03-17,HmqQ2vqA,bcHQuAMj
1427,2018-01-07,3JXAqypz,wJmLRLYK
1428,2018-01-23,Ib8HtjM1,oClkzbJ8
1429,2018-03-31,Ha3lYap4,00ufS2Lx
1430,2018-03-03,BIA7EWmw,tDMoiPRO
1431,2018-05-17,1YPW6kjH,WivWqgLF
1432,2018-01-10,i4tKhqkB,GyPi1kIq
1433,2018-04-05,8lOA7K19,iOeS4Qwj
1434,2018-02-02,kPSOt2hZ,IqkWCbSA
1435,2018-01-06,1pb0LjDZ,sbMlbGap
1436,2018-05-28,1RyFA7Pk,a6fSp69j
1437,2018-01-01,1NxESYPD,gGGP1uaM
1438,2018-05-18,mJpZwesa,1OYXGlQS
1439,2018-02-04,ozUvrWA1,cRynxPNO
1440,2018-07-25,kIal68Nl,FAORZ7P0
1441,2018-03-08,fd1jA5UN,aK15hVtP
1442,2018-03-02,2XhpU4eS,2OmqWXaf
1443,2018-05-12,HK2KtrPG,O1dWZKB9
1444,2018-02-18,SQ1ux9Ix,yqo0j3Lg
1445,2018-07-27,BrK7wFLG,LAy1h2sW
1446,2018-01-22,Te8vZzUd,jLdkb1kU
1447,2018-02-02,awe0TAvB,G5NLP1EX
1448,2018-03-28,ds0w3D6K,NuWfMbWH
1449,2018-04-23,BdwRaEKR,biEUVTdh
1450,2018-02-13,qCpP6IbM,L8J8RIYc
1451,2018-02-18,PhZ8cDud,1FgKDC9k
1452,2018-04-13,YgPwgxm0,EfvuB2DF
1453,2018-02-14,5A6jyHoP,cFcYTusK
1454,2018-02-09,reerCEp9,BsT9qG17
1455,2018-02-14,WcqFQN8V,BE182FxF
1456,2018-08-08,RowkRYKi,uZc6bTCa
1457,2018-05-12,z2ZcZ5qf,W9CL2wUk
1458,2018-06-21,sR602M42,KumDTmZD
1459,2018-06-17,DRtMywnH,sjbsyFPn
1460,2018-04-12,KMsu07KX,OyxvYmmQ
1461,2018-02-25,1hCK9WIZ,qe4LWgnx
1462,2018-02-14,0YsqcYPl,rZbQ7xvX
1463,2018-05-17,KK5mELWH,tL6qWP5t
1464,2018-03-05,w84mEgMe,Rg11njij
1465,2018-01-20,twz9fUIO,0YBcox5e
1466,2018-05-28,VJaYLyn4,xFRZst6o
1467,2018-03-21,A0LyUBJE,R1ZEZGZo
1468,2018-03-22,Zpn1FsMM,myRufbaY
1469,2018-04-30,l5C265ls,ZUBBVfLv
1470,2018-02-10,GI8G6Fj5,bi2cwJ3G
1471,2018-05-20,woDPK29e,xuTZFbYO
1472,2018-02-25,RXULKUu8,ug6T9fXl
1473,2018-01-03,2lw0DGa1,SL5GvOMm
1474,2018-05-12,V7u3WOFC,RuuNloQR
1475,2018-02-28,zsjSQJtV,1nc34sS6
1476,2018-07-29,iyoiuHyb,Povgi4hf
1477,2018-07-19,M9xhwTyo,OEYiA664
1478,2018-02-27,0CjRQQE3,kUVyxaW4
1479,2018-01-12,OIwsFkjK,jr7GX3yH
1480,2018-03-13,ZGBr5PKX,hmx0aYhQ
1481,2018-08-06,d2axHuKX,4FI0nU2S
1482,2018-04-08,NU9PclOj,6PkqeMvw
1483,2018-05-13,oa8p0lod,2KMLEvoI
1484,2018-08-07,0iIwLehZ,HChtflUA
1485,2018-01-31,NvR1NPiM,2sHmFxYO
1486,2018-07-26,xNHCHlAz,TzcFozga
1487,2018-06-10,6uGxzJri,IiaRtuXt
1488,2018-07-25,YjEDSv20,hyZ7IEBB
1489,2018-05-12,Rh1xCJDx,uqA5dYfO
1490,2018-04-27,VsEVi6DW,m8chKhSX
1491,2018-06-08,hW5dA5jN,G3AzhXbd
1492,2018-03-06,mVF8n40x,ULcs6p5s
1493,2018-04-02,JOEdzuvl,XUMUEhPO
1494,2018-02-06,VBP8mOGy,TP8sagiA
1495,2018-07-14,S1w2xT5K,a4QhCE4i
1496,2018-05-29,jXvIFTRC,hPAB8BIm
1497,2018-03-29,liLXRiA7,cfpjJgwH
1498,2018-01-06,BTEz1TQy,v3s2FApK
1499,2018-01-21,qHSlLZS1,ntO3tP1w
1500,2018-01-26,dSYWJiaF,2VfdjDUC
1501,2018-02-15,GURtX3yx,MTQXZryU
1502,2018-06-05,bPcchfqP,haM1k7eT
1503,2018-02-12,n1aPlTcL,4Z0jTn7D
1504,2018-03-23,kVh7Y9Zf,bYBYheBy
1505,2018-07-22,ffXptnWH,8EsBrbqu
1506,2018-01-13,QREwvZ79,HkfQ4PvN
1507,2018-02-07,ggmSDvkK,2OmqWXaf
1508,2018-02-26,fz9NOVpL,bFdBz8ut
1509,2018-06-18,UtYAXvk3,YOyYINao
1510,2018-06-04,yiHBL1Tf,sjbsyFPn
1511,2018-06-02,8dKeo9Wy,9S6NiOss
1512,2018-05-09,vtKYi774,aWHnxSQd
1513,2018-05-15,mvrQEElW,JpEOVnt2
1514,2018-06-15,FahiRkOW,9fFxMqQR
1515,2018-02-05,UtYAXvk3,2KMLEvoI
1516,2018-01-05,5oa8NA0x,7c8fXMgJ
1517,2018-01-23,NQ4uWKFI,qy3R33vj
1518,2018-03-07,I4GrHutE,QPHDNPhS
1519,2018-07-13,EdRgZD4J,9pFSthZU
1520,2018-07-29,23pTDosK,xRxVmSAD
1521,2018-02-03,2WznnoxN,xZEV27i1
1522,2018-04-27,hz2gP71L,qe4LWgnx
1523,2018-04-03,nAG7guLw,XdP0UFra
1524,2018-02-09,ZCirEiVR,zgNe8xmD
1525,2018-07-01,xcpAT54S,GvYlu8Z4
1526,2018-07-13,mngmFwAh,WtlxbENP
1527,2018-01-11,8tmrAPTe,UzPbKX1G
1528,2018-07-17,KhjRLdni,O1dWZKB9
1529,2018-04-11,w3Au9JeW,wmKNs1XJ
1530,2018-02-01,QI6Lu1m6,CRyHSpMK
1531,2018-04-28,zPaxElFL,B4CvzRRj
1532,2018-06-19,4Un0e64b,5qcTbGfZ
1533,2018-05-04,RDHsva8S,OZOS19Lm
1534,2018-05-19,XzktIiHx,TiEUbYKh
1535,2018-06-30,NzHkv9qr,28feiCyN
1536,2018-06-12,2oRdlrsa,4oRxw9bm
1537,2018-07-16,11dLHHIE,ug6T9fXl
1538,2018-05-27,r8DzdWia,ozfrMeEi
1539,2018-06-22,Z7OyG0ia,k7vtmIHG
1540,2018-01-14,5P7t8PtP,RxIblpxQ
1541,2018-05-06,nqlgBBQu,YVbxPNqD
1542,2018-04-29,GF2ozVmT,Ievme2WB
1543,2018-08-06,0Ygrozxt,RPm1s5nd
1544,2018-04-20,5EcJnaDG,9LraZrxa
1545,2018-04-04,z9h7Bn4e,ofINYADl
1546,2018-04-21,1RLcibGK,csfBAKrB
1547,2018-01-12,xDYXwtpj,9Ei2EKTW
1548,2018-03-19,KsXLf5Ad,cFcYTusK
1549,2018-06-04,aoo8seo8,yhckdGJV
1550,2018-05-19,7jBtfjom,5nvI8FgM
1551,2018-02-23,82bHNfxw,kR1MW8b6
1552,2018-03-09,A8VxCHMT,zWAySyem
1553,2018-07-30,2xfuE4lj,zZskJn54
1554,2018-07-10,QMWkwCLW,sETQsKRO
1555,2018-05-03,CYcEKDxu,aC8mC6vk
1556,2018-02-23,LoJSUxX2,ttrx7iDh
1557,2018-01-08,pDwq88CC,Ym3vu9gN
1558,2018-07-20,WpDKuuC3,OyxvYmmQ
1559,2018-01-24,pNAGxfCE,ULcs6p5s
1560,2018-01-06,3qATtlc9,rXkHPktr
1561,2018-05-11,EdRgZD4J,TUjZcgFh
1562,2018-04-04,yZH6Ztod,R1ZEZGZo
1563,2018-05-26,qvDIECNW,D8UIFGeX
1564,2018-03-08,jtMFRk7G,s76SJ4SF
1565,2018-02-08,hmCO55Jh,6ZbooQmg
1566,2018-07-19,1SseU1Z2,NGhrqxid
1567,2018-03-24,tUmXKsAA,X3yPIcn1
1568,2018-05-03,GOydNnYH,sT6xtebL
1569,2018-01-24,k7mL98kC,OEYiA664
1570,2018-05-13,gkWklhXs,0Egss3ni
1571,2018-07-20,5oa8NA0x,LbNIzj7m
1572,2018-06-12,RNYuqYG1,pk8Yjhmb
1573,2018-05-13,ycsieZGW,baT26aQr
1574,2018-01-10,ciiAS3BI,PeV1trLv
1575,2018-01-23,VLFDGSLa,S2l1PEho
1576,2018-07-12,WvmsMF8o,xivpWTDD
1577,2018-06-27,sNRokC1B,Qq8HmDaW
1578,2018-01-12,BpWVz7cZ,Lmg7JPop
1579,2018-01-14,ovFSrZ6A,8Y2lDtDk
1580,2018-06-24,CCNOCkAc,1EePnRXc
1581,2018-05-02,ytfbqpMQ,sbMlbGap
1582,2018-02-15,KWn3YjcQ,hSH18Ld0
1583,2018-05-11,r1Sefifb,2L98GMsc
1584,2018-02-08,AcKKcP4n,PWvNN6pJ
1585,2018-05-24,TWyJAaj8,F1fcovn8
1586,2018-02-04,OIxWgdnm,TzcFozga
1587,2018-04-11,unq4IeNJ,4eOf0MzT
1588,2018-07-07,lWpdc8w9,Kv3Tcew5
1589,2018-03-28,sPhuZdoZ,P2q0y7uK
1590,2018-03-21,YBjtIH1w,gGGP1uaM
1591,2018-07-26,5EcJnaDG,dvHPAdzI
1592,2018-05-07,wdeNoLul,2Kq9y3YB
1593,2018-02-03,k7mL98kC,2Zs8rgUi
1594,2018-07-17,Ur2a4oKz,GktCUP7F
1595,2018-06-29,r8cC21kf,CGsB1Im9
1596,2018-03-08,uGOeYpQp,IpkFOYJw
1597,2018-08-10,9is3UeVX,uZc6bTCa
1598,2018-05-22,FdwovMQx,JMbCzNTi
1599,2018-03-07,olyUV03T,iNGQwszM
1600,2018-03-04,QQvPcEuA,ugZP3ycC
1601,2018-01-18,ABaVTAbC,ZUBBVfLv
1602,2018-03-15,5jZaBrql,XH6e4coi
1603,2018-08-10,ioJoUlae,QVvGgHPz
1604,2018-08-03,cqZdf4IB,7QLzgDOh
1605,2018-07-10,e8VCczQj,qOmAnNB1
1606,2018-02-28,aQ4O07Ac,jex93KBr
1607,2018-06-05,aoo8seo8,E0QbNhJv
1608,2018-03-31,nqQFwao4,pbIPgWfc
1609,2018-04-20,boIRpWDL,kUVyxaW4
1610,2018-01-19,M5wIhrck,IqkWCbSA
1611,2018-01-27,ZvhZDuWH,tohQj2Em
1612,2018-05-08,4Fykks7I,myRufbaY
1613,2018-02-03,geuUDUUQ,4pR0vwa6
1614,2018-02-27,6iTGBorE,kf0r8mul
1615,2018-04-07,QHHOD7Bv,HiUWrK7H
1616,2018-04-07,YC8mF9k7,5weZCAMF
1617,2018-01-27,U1EZNr43,mVDCAWBa
1618,2018-05-02,FZyPcx4o,1XtXqtSj
1619,2018-07-17,IQtRlBtf,6LF0Oe97
1620,2018-01-21,2oQsNLQJ,AXAnQoeW
1621,2018-04-01,JAf3Pe6C,0DDipTL7
1622,2018-05-18,Jiu804o9,IEl3o3pz
1623,2018-07-26,fc8FAuPr,Vvt4sSNe
1624,2018-03-15,mfkJLALh,kzcoYKJd
1625,2018-04-25,u0nyKg0G,Q2rC6wwk
1626,2018-04-24,PO3UGnIH,s7e7wrY5
1627,2018-01-18,EeajisrK,R3l18JNZ
1628,2018-03-29,YBjtIH1w,RmJ0Wg05
1629,2018-05-19,VEkxEFT0,ulIgNcer
1630,2018-06-08,dAKWcAKc,7jYhKoQD
1631,2018-03-22,YoHYrqKJ,bcHQuAMj
1632,2018-04-15,bZTGwDss,YD1NqRqv
1633,2018-03-25,24ZEz4F9,R1XDWCpq
1634,2018-07-17,vE92QuWC,tCP7JqYp
1635,2018-08-02,fR1m1Nx1,M7EiqOW9
1636,2018-02-20,wDkH7FgY,gpTfmgGB
1637,2018-03-14,0Ygrozxt,CZl4qexR
1638,2018-04-09,o8HImOub,Ci4g9kOl
1639,2018-04-13,ZWGDEsim,lvyNkHYc
1640,2018-05-06,kXsKcPhe,Xmdwfaj3
1641,2018-07-06,5cFeSwgT,D45BSuwJ
1642,2018-01-10,yiBdCfC5,iaT5TUfA
1643,2018-06-24,atIYZFFI,E7s5xCoB
1644,2018-08-09,yNnc0VAh,MG4KvSfu
1645,2018-02-10,EB4GvfQ5,NuWfMbWH
1646,2018-03-02,MvZNjinw,YhonUfLo
1647,2018-05-15,0pVJUBAB,EorkMzgO
1648,2018-04-10,jQwOvI0W,SsL9MpTC
1649,2018-05-20,6oiV5Uxw,Uo1dq7Pc
1650,2018-03-16,46Ew7cq7,J9cVXLKx
1651,2018-03-16,X89Eaug6,G3AzhXbd
1652,2018-06-24,lSHoZw9e,2MKfFidz
1653,2018-01-15,4irqof2w,Kt0f1wcP
1654,2018-06-07,cSQhtGAb,OEja3qZ4
1655,2018-02-11,CZgUagBV,OsEhGjkK
1656,2018-07-03,BWQvCw13,hmx0aYhQ
1657,2018-04-05,0hm1W6Se,hyZ7IEBB
1658,2018-05-05,SggPQVIV,0Le9FJIx
1659,2018-02-21,cplPHa7N,O5tE2l9j
1660,2018-05-01,4J5YYWM2,qCbFrB7D
1661,2018-03-01,b7gVmjK3,pLi5uIUQ
1662,2018-06-10,XiTJJioJ,3ckGLbFh
1663,2018-03-08,XuEPcZ77,v3s2FApK
1664,2018-03-17,eGccPf9v,Rg11njij
1665,2018-02-01,59armo2x,oIPCa6bS
1666,2018-06-13,FEjloGmr,2VfdjDUC
1667,2018-01-11,UfGcJ81n,aK15hVtP
1668,2018-03-15,T0zyKVYO,dZg2oRK4
1669,2018-04-07,xEGYYvCT,J0XNYGMK
1670,2018-01-04,VUuc5PXB,9FwgNh50
1671,2018-07-26,tsdd0FQg,U4EvfFRo
1672,2018-03-20,I4v9Uh30,Lax0f1IM
1673,2018-03-10,nI0PBcIB,QDqWjEtw
1674,2018-04-08,ZrP99xmy,ohaaB8Ma
1675,2018-04-08,qAIWtaAZ,SeBPhunC
1676,2018-02-24,wiTgHN6C,O41rl5CM
1677,2018-05-22,WXMPfn0Y,a6fSp69j
1678,2018-07-22,aalJ4yyn,tDMoiPRO
1679,2018-08-07,Uxurgym4,SGgPtdnY
1680,2018-04-30,LUlHiZiA,qA3HmuoQ
1681,2018-01-29,mk3mv6Ol,eCngCPf9
1682,2018-06-22,OMGzBOG2,8joXSOS6
1683,2018-07-15,6QTMO1rn,xLdq3Kbr
1684,2018-05-02,sa13gps8,Peads4Xb
1685,2018-02-05,9onnaxdj,bi2cwJ3G
1686,2018-03-11,qzVtX2te,z7lh7ps3
1687,2018-07-09,r0oe1q3V,afvVtQv8
1688,2018-01-09,8SIActTy,Sv5UEGs9
1689,2018-05-07,YwHeVR27,FAORZ7P0
1690,2018-04-03,BafkJebK,hPAB8BIm
1691,2018-07-12,mCM2lNTV,AOaVEAle
1692,2018-07-11,m0rGJNtw,a7IedFog
1693,2018-05-24,MaSQwziP,SIZedhap
1694,2018-04-30,fz9NOVpL,O8HqwJ0E
1695,2018-01-30,54eyqqMm,Ol9eiXJU
1696,2018-04-22,3DhBB8WR,NTcEt4Wo
1697,2018-04-04,B6ifAlqE,40GS8jpX
1698,2018-02-21,gUrs8gff,gpCTiYqi
1699,2018-02-01,qWxXJdOb,RNIPDDsB
1700,2018-06-16,xWHs7woK,4ZnXigrm
1701,2018-02-23,OnysdlmW,CVAWvN0Z
1702,2018-01-09,iV9bh0qV,4FFNGcQ4
1703,2018-07-24,mWWsFb6Q,V6A1KJlb
1704,2018-01-25,PMSXM825,I0LtCChJ
1705,2018-04-07,N3MtkZt4,PjU7fkkF
1706,2018-03-28,BTEz1TQy,qzU6G7NX
1707,2018-04-11,JKOtQ5Js,QRHydbXt
1708,2018-01-23,Vj94wueE,GyPi1kIq
1709,2018-01-22,Xxynbsrj,AUj6LRie
1710,2018-03-15,fpbWdSQa,Myuclu80
1711,2018-02-08,9GYwZamk,n9k3DPOG
1712,2018-08-04,vnBt59Op,JmlwbXhu
1713,2018-08-10,W1TVjH89,esrn8low
1714,2018-01-31,7iJUy7PY,HChtflUA
1715,2018-04-30,lFhOmsDy,y7MenMlT
1716,2018-07-21,O9vK7tEX,x3nFpvyz
1717,2018-03-22,tiHPYL5g,gDH1K8Q9
1718,2018-07-03,ZyQds2sk,pDG6wZoU
1719,2018-05-26,7N2Lnq1Q,Y6lIToKc
1720,2018-03-31,HNxMGusf,yPwYdkRI
1721,2018-07-07,vk71dchL,OlJphXW8
1722,2018-07-11,DQZMECyz,uX5BGEXr
1723,2018-01-08,rjZdzovn,ckXzdhsy
1724,2018-03-24,ZBhfDLd1,xgcofVUf
1725,2018-03-31,FahiRkOW,LrRIWx0P
1726,2018-07-20,HQKNLlwo,y2BDzzRP
1727,2018-02-02,uKHNeNx4,y08IfqVK
1728,2018-06-16,3n8SunDU,IiaRtuXt
1729,2018-03-02,0xqB7vJA,XHMg15wk
1730,2018-03-02,Rj5LNd3J,HylUYL74
1731,2018-06-14,GJuuZtM5,aGP9uUhc
1732,2018-03-19,Nky5J0Si,sVbyOyVD
1733,2018-03-31,62OPQptN,qXbwElXe
1734,2018-05-14,pFPtMZ0h,I2rtjd0p
1735,2018-08-10,rhwZrTEf,lzuJqY0L
1736,2018-08-03,omz8Fg3v,ptJIjURL
1737,2018-03-31,oYpXWOw6,WgvOlMwi
1738,2018-07-22,5XfphoxI,MBLodgJr
1739,2018-05-25,8uWxcLsJ,t6dL7ws0
1740,2018-05-11,ysZsGExS,ysYfGJhT
1741,2018-05-12,qEElt6NU,00ufS2Lx
1742,2018-03-06,T6nOVJ8W,8d1sIMe8
1743,2018-04-16,wDlJsyMO,ttuUa7oZ
1744,2018-01-25,W1TVjH89,jr7GX3yH
1745,2018-02-04,sBCk5CNR,3u4JxCZe
1746,2018-02-18,lQY4xwmu,j7rWxqVs
1747,2018-03-14,78GEAsWz,RBMT1xiW
1748,2018-02-18,IvgP1HLs,Fi7wBQ0Z
1749,2018-05-04,8UgajyhB,Z0hXoX2d
1750,2018-02-14,xWHs7woK,INuyi048
1751,2018-06-26,K7HlRCdI,kqdLTKow
1752,2018-02-10,OOzK1w5S,JvzHFyiF
1753,2018-06-24,GQAeOjwt,VAAiBtsm
1754,2018-04-21,URRs1ak4,xFRZst6o
1755,2018-05-05,cIKEqM5s,BYnmAM5W
1756,2018-03-25,CV1vVWQk,ZGuclmJT
1757,2018-03-19,XsS8cP4o,urg1xUY7
1758,2018-06-07,CB8EkOUv,8VUb0bXT
1759,2018-01-11,bBE8Bx93,2XhOBPqb
1760,2018-02-22,Fv6DGogK,vH9sxfOF
1761,2018-04-01,BCVFlUVM,ZPDZMrH7
1762,2018-01-14,g1ftShGM,xKRmYBCm
1763,2018-04-01,QnFBV7vH,FJRben7B
1764,2018-06-21,rNFro7Ty,cu4NjuQy
1765,2018-06-17,8F5kBbQ1,BidXiVR1
1766,2018-01-21,RtuHNmuM,QfSUfVKh
1767,2018-02-04,JpMx4deM,zMzvHVK6
1768,2018-01-01,kb6CcMfU,D3WAoOLr
1769,2018-04-13,YJkOKG0v,rZbQ7xvX
1770,2018-07-06,PAVdaMEu,7r6GOp6Z
1771,2018-03-04,bZ1dHjz7,c88ldZ1c
1772,2018-01-12,pvHColbu,rBM7WzgD
1773,2018-07-19,A5jzgTnm,t7m695Z7
1774,2018-04-07,FL0SDaq5,Bjn15L3v
1775,2018-01-19,bIwBUuRF,DdLFHT8Y
1776,2018-01-21,SqLz1dtJ,Ico2o9Ag
1777,2018-01-31,tRstgpei,tL6qWP5t
1778,2018-05-04,v8ssVch9,xWTHsvs7
1779,2018-05-25,GEMEd5ic,qmd8iBCT
1780,2018-01-09,09bDNGEC,rXYe4THM
1781,2018-08-09,boAxNYxz,biEUVTdh
1782,2018-04-11,0ctYQfiQ,1OYXGlQS
1783,2018-02-19,GhZLBQLl,HENdds6i
1784,2018-01-19,JS1puPfo,09ZC79al
1785,2018-07-25,z2ZcZ5qf,Md8JGKWS
1786,2018-04-08,UWhcXxV9,SpngNLRK
1787,2018-07-27,9g4zdVPz,6Tinez7b
1788,2018-08-09,jJKkjjYk,1FgKDC9k
1789,2018-01-27,t4tLPcii,jjWskX6q
1790,2018-01-05,8tmrAPTe,LpiurCgK
1791,2018-05-19,LVvlTnRL,cMAtdxfl
1792,2018-02-01,n1SnWRA2,uJKIceL8
1793,2018-07-19,IYpYjviT,JH2A3w8H
1794,2018-07-16,Bzfi6Odc,vJBHhZqV
1795,2018-08-02,oyrXJHd9,tmQ4pbBZ
1796,2018-05-13,KtloL17g,70ylTqwG
1797,2018-01-05,SYd7HMbQ,akmAoAtg
1798,2018-01-28,LlouiNgW,gTpdPH94
1799,2018-08-08,6YoNYf1V,q8nK1SA1
1800,2018-06-30,QpRpqZZJ,Tn0LGYpO
1801,2018-05-18,u7oVnC3K,0YBcox5e
1802,2018-07-09,pDwq88CC,m8chKhSX
1803,2018-04-27,BY9X1jpf,4FI0nU2S
1804,2018-06-12,k5D6y3ZF,iaGy3qel
1805,2018-03-17,9MuNFbcd,8ncf0Gvz
1806,2018-05-17,sdKzQSAu,B6h9dFGe
1807,2018-01-19,dOG45gtF,gCobdQIY
1808,2018-01-27,vtKYi774,2LegpZGz
1809,2018-03-19,Izvl7DKA,XpRW4ze3
1810,2018-06-05,7V0pSnDY,mBYpneJJ
1811,2018-01-10,DkQXIv8k,Vp5DPVse
1812,2018-04-02,omz8Fg3v,NqcvuYYR
1813,2018-04-10,cobjovr6,WqBwgUX8
1814,2018-04-23,9wiJlvAi,HX0TCTq7
1815,2018-08-08,VWpLPBNY,EOYV5THO
1816,2018-08-08,gUg1EZKB,miex7caT
1817,2018-05-29,qvDIECNW,j33WOEcW
1818,2018-07-13,MGXVoxnm,TzetJznU
1819,2018-06-28,oFhuxI5A,Vgd4dQAp
1820,2018-05-20,2jmYEC1U,d5CXBNhR
1821,2018-01-11,Oo4vfB4I,uwVGuYDG
1822,2018-07-08,rxRiYQVb,LZwQC8uv
1823,2018-07-15,hwQq0zTb,JBZisQUk
1824,2018-06-21,FZyPcx4o,GlfpdXwf
1825,2018-05-01,YBcDYl9x,z1qschA2
1826,2018-07-08,C4vAeziR,G5NLP1EX
1827,2018-02-07,2eK0xlgW,u7TfevZV
1828,2018-06-15,7b9b88q1,YlR0UYR0
1829,2018-01-08,elHwRAVt,d84oUiX8
1830,2018-01-23,X1DpUwCb,GS236k3i
1831,2018-04-28,bijdHzm3,mcq1koQ6
1832,2018-04-25,CtLDF56X,wJmLRLYK
1833,2018-06-11,iJMfYmBb,xscvyVG0
1834,2018-08-04,8iSaPZqt,xuTZFbYO
1835,2018-06-08,7nbiPCJ7,Brki88lx
1836,2018-03-21,NcULv13M,nxpumUZN
1837,2018-03-31,8DInW9Gb,G8LlzNxl
1838,2018-04-30,WqCPOW5B,2880aQgG
1839,2018-05-23,RzWDmLnJ,cfpjJgwH
1840,2018-03-07,EV5gVUDx,3741NvWG
1841,2018-02-01,BbTItxHq,BE182FxF
1842,2018-04-22,BcvDgiDt,7zIHUEqS
1843,2018-02-24,k1hqv199,IuI1pDks
1844,2018-03-18,BcmduAcr,gD072hu5
1845,2018-08-02,RowkRYKi,bAXzVFP5
1846,2018-04-13,ZInf7UVv,YzUIAMyw
1847,2018-05-31,0Ow7gaY3,Ojj9CuYn
1848,2018-01-14,cXuAmFhc,ZcAC94I7
1849,2018-01-04,7iJUy7PY,WivWqgLF
1850,2018-03-02,iycrDyRf,LAy1h2sW
1851,2018-07-22,DxbiQaNq,Xf95DPyf
1852,2018-04-08,dnpqCcBE,FMRawOgE
1853,2018-04-29,iCztdGw1,L8J8RIYc
1854,2018-02-03,wiTgHN6C,1N21pxR5
1855,2018-01-08,4doux7Fs,9094FKPx
1856,2018-08-09,Gcwq0TeC,zkfqwTHd
1857,2018-05-11,SopOr1dh,IlbJsCn2
1858,2018-05-14,XbsHWSEV,GqdvWX54
1859,2018-01-23,DAuTFanL,mRyApeOZ
1860,2018-02-06,3GoShFaw,Y4vEzLqA
1861,2018-03-09,Clv1DJeQ,gwI7UYg1
1862,2018-02-25,AL5Xw7YW,YBmVi0wa
1863,2018-01-17,DYZsGFZk,HijpWfHb
1864,2018-04-21,fPkNhoZi,B59P3FQ0
1865,2018-08-08,fcpV1kKx,tOIePeUy
1866,2018-01-07,xti38KD6,MBXgk7gD
1867,2018-07-13,IQD14ji0,6PkqeMvw
1868,2018-01-02,AlXX4siA,J0Q9cWaU
1869,2018-06-20,0zDKIySM,mT8l5dY6
1870,2018-07-02,tiHPYL5g,JwuuccnJ
1871,2018-03-19,N4AtrDSy,EZdU1BcV
1872,2018-02-12,9h4mAhRw,yjauLigp
1873,2018-01-20,zVgQs5DE,aanN3jEa
1874,2018-08-03,Kq8R3kao,XWTXmHgg
1875,2018-02-13,EjDS9kS1,4CFztwcW
1876,2018-05-19,JhwH3Djg,ykZ8idYZ
1877,2018-03-13,wrnsmhpf,a4QhCE4i
1878,2018-01-02,NvR1NPiM,LdiCSXUi
1879,2018-01-18,eKU11YyE,geOWrX02
1880,2018-05-19,hKLP1U04,0Yz6mTGC
1881,2018-05-12,3BEGS4Lc,Povgi4hf
1882,2018-02-10,AmwB2OOn,3YZ9YmyE
1883,2018-03-27,GF2ozVmT,ZZSFNpMG
1884,2018-08-02,BouAtUoL,EfvuB2DF
1885,2018-04-10,e6o9wTN5,HUWEzKLB
1886,2018-02-05,JS1puPfo,2F2uYSuP
1887,2018-02-19,7EAj0Apf,iceLMAYS
1888,2018-01-04,rhwZrTEf,LFiUYary
1889,2018-01-29,aQ4O07Ac,jrzy6KRs
1890,2018-06-21,E9rPnBEn,XUMUEhPO
1891,2018-07-06,bPM9THwK,yqo0j3Lg
1892,2018-06-03,WRJGnWVe,lukzhhyu
1893,2018-02-08,wcStMtnG,UuyYux06
1894,2018-04-04,B0xv5dEe,JJMkFGgk
1895,2018-03-04,UVTX1wIs,ftkOVXAv
1896,2018-05-11,VfbH0Anz,3LAt0VKZ
1897,2018-04-19,8cEW0VTj,Kbek4fj0
1898,2018-01-31,hxcC37Os,5JfT1h60
1899,2018-06-30,aalJ4yyn,VZjtqUtp
1900,2018-03-01,fUkhZL1w,KHJDTqKT
1901,2018-07-17,gUBSepu3,HFs9lHZl
1902,2018-02-08,9HZxTtAd,RdAY0VKT
1903,2018-01-09,rnsgsYBi,iIVIwWjn
1904,2018-06-07,JriG3sxm,VMIgEysf
1905,2018-01-16,AgALKejc,jciJjMtY
1906,2018-05-12,hoEMX3hX,RfEmiAIj
1907,2018-01-20,lAQ2ezg4,BsT9qG17
1908,2018-05-13,OIKrXy9J,2sHmFxYO
1909,2018-04-25,zD5i4ElX,oClkzbJ8
1910,2018-02-09,S9WyqxiK,3UcOCV9o
1911,2018-04-04,KDdBj14u,ntO3tP1w
1912,2018-01-06,OFIkBRwD,mfeWR516
1913,2018-06-15,zp1QO7Lb,7r10ilkj
1914,2018-01-02,VDoAOVIN,dG5UWHS8
1915,2018-01-10,hQ8CON3u,F8u48pEf
1916,2018-02-15,2hQTqu7k,54Y72OsL
1917,2018-05-27,TCeODxuN,u92JgSRm
1918,2018-04-03,SwCcq0L9,dii9quuR
1919,2018-04-03,eNZ1wQgB,HTw40w9T
1920,2018-06-24,CJ07n1wX,L9hSnQqK
1921,2018-05-12,54eyqqMm,XyNdgUAl
1922,2018-06-11,jnqjNnR2,wPDffG4C
1923,2018-02-26,pFLB2lO6,xFJ2ffz6
1924,2018-03-27,cj5EIera,7ZKgxGFx
1925,2018-04-25,sdConl73,cQ89ezUH
1926,2018-07-05,Vwmz6Zos,tWivx0Wr
1927,2018-07-27,fSG0gbWb,SL5GvOMm
1928,2018-06-27,GDkRtfIn,IjmopcqY
1929,2018-06-06,q1Iq3AQT,tWonN2ZN
1930,2018-06-21,iRwoCfPt,QKTvkW8g
1931,2018-02-01,UAKS3L1c,vR7bJMZ4
1932,2018-06-16,EibR0FiK,KGqULQNi
1933,2018-06-11,DWLip2dj,sy7LkLni
1934,2018-05-29,JgnVvvTe,aVHUBhPr
1935,2018-03-20,TxPSqc0r,v1KRVZZc
1936,2018-04-24,RPrTFaLQ,LjX8H69S
1937,2018-01-19,IZJ7Oc6T,jLdkb1kU
1938,2018-02-09,YufYcpcE,1nc34sS6
1939,2018-01-20,E7FgCIIa,NvwZyJch
1940,2018-07-05,8iCa2Qlu,lxWaMy5K
1941,2018-05-30,r8SVlDvn,MaS61tks
1942,2018-03-16,WUxfAh9l,iOeS4Qwj
1943,2018-03-21,vVOdgYHX,3tfwiW2S
1944,2018-03-20,iRd6lP70,pyQMAPMC
1945,2018-01-02,mNKJK0yS,gJxCmjMs
1946,2018-04-27,XuEPcZ77,es1vZHkd
1947,2018-05-16,CiqBDc4t,TYG5XVE7
1948,2018-02-10,n1Fc7Jzm,66WlSsVS
1949,2018-05-18,BpZ7s006,zOjLBKQq
1950,2018-06-22,9CTaxLvU,olZ5hiZY
1951,2018-02-24,1dZPeFne,O0YES4Xl
1952,2018-04-16,WEHg3dXv,lvztoc5Y
1953,2018-05-30,bAxAiuHb,xSjF74Ci
1954,2018-01-30,brNDNZhG,oOYYPFkN
1955,2018-06-09,uuj0hYnG,Os2OafNh
1956,2018-02-01,Q7nloP7O,gt65yUBg
1957,2018-06-27,z54i0yrc,A4xYcFpY
1958,2018-02-08,GF2ozVmT,zrpJJIxa
1959,2018-03-08,Wa3FUh9h,cWi3VsSb
1960,2018-05-15,lQY4xwmu,LVAs2pSv
1961,2018-03-18,Q6dTo4VJ,V3z9AFO5
1962,2018-04-29,g0PkZJAi,XWziAF5j
1963,2018-01-19,HboRYIUC,BE2dMO8H
1964,2018-06-18,Gum62Icm,qdKHJFZm
1965,2018-01-05,4k2DtF4O,JQ1ontAL
1966,2018-06-15,U5XvVpCp,BU7YVseC
1967,2018-03-03,LUEwb5ke,HjJsF71K
1968,2018-04-22,82bHNfxw,Wxu79O0a
1969,2018-02-04,reM46BBV,BwCZ9Idv
1970,2018-01-30,Xxynbsrj,cLRP8hSO
1971,2018-05-18,Vn1mvyqI,xQaWVAxT
1972,2018-08-01,TYmteRM4,TEnkaOaH
1973,2018-07-19,nHrNhluK,DhYEihRQ
1974,2018-07-08,PAaJZHiF,96BUIUTi
1975,2018-04-28,xxIzQqGR,Tf9wKFrs
1976,2018-02-17,ZGBr5PKX,uqA5dYfO
1977,2018-06-16,bghYFdiz,ch8RPOyu
1978,2018-08-06,KKMdtjNR,cRynxPNO
1979,2018-01-25,3ZlsKpC8,01g7vzc7
1980,2018-03-04,QYzDmH3F,TP8sagiA
1981,2018-02-13,mngmFwAh,NpvCX9ar
1982,2018-02-18,zvsmKBfQ,gKfXpuFS
1983,2018-05-24,USOyuH8s,Eg5yZl4G
1984,2018-01-29,Nz7R8bng,TPfLmHXe
1985,2018-07-14,vCTqKDb9,KumDTmZD
1986,2018-02-13,BQQhjWRU,RvPlEUK1
1987,2018-06-26,LO032lvi,0yXRVgT6
1988,2018-03-24,rLOyIfzQ,LhqjS75U
1989,2018-07-19,c8isH2S3,1R0CMD1g
1990,2018-03-04,8bOo42DY,W9CL2wUk
1991,2018-08-05,muHciMyN,pG1pd3L6
1992,2018-03-26,aipE80sD,IG7kxXFU
1993,2018-05-20,hN9UGLAD,N4fFOIS9
1994,2018-02-05,VQugBzEP,RuuNloQR
1995,2018-03-31,PABuGGUk,u749Cz0W
1996,2018-05-27,cTQ0VOdf,r6d2jxaU
1997,2018-03-08,KIqEVsB0,DvqOzAgu
1998,2018-07-31,N21YimnF,vDusOQFz
1999,2018-06-01,A0LyUBJE,YjGLwtcn