ReviewID,Rating,Content,UserName,ProductID
1,2.2,***,TaU4LmKW,3622
2,2.2,***,zA4l2dC7,1429
3,1.1,***,5GBeKl09,862
4,2.2,***,g6kymJz8,1988
5,2,***,WXMPfn0Y,3278
6,2.8,***,HVyk59HI,4739
7,3.6,***,sx9a5new,4780
8,2.1,***,BSYiKewC,538
9,1.6,***,jWfaxaxP,1647
10,2.3,***,0UzaQvCi,2072
11,1.2,***,7aE6JbsU,989
12,2.7,***,VMsSskAf,295
13,1.7,***,8UqZcJgp,3507
14,3.9,***,meokZ5kr,1764
15,2.3,***,PmWmfOPJ,4997
16,4.3,***,ebOckyM5,4512
17,2.6,***,G5hEAMM7,4749
18,1.1,***,cQtjTaSW,3942
19,4.1,***,ltUQs85p,1944
20,1.2,***,bSJaNvZs,1764
21,1.1,***,X14fHDve,4768
22,5,***,YdByTAvn,4333
23,1.2,***,RWuRBBrg,4467
24,4.6,***,tXRy6Pyf,2463
25,4.9,***,oiCToS2U,2354
26,3.3,***,Jnc0xUFh,1115
27,4.7,***,IwsWP6Yi,4526
28,4.7,***,ga60OmKn,2631
29,3,***,kBw00VJw,2669
30,3.2,***,r8hjSQmu,1386
31,1.9,***,4Vj1OrH2,1778
32,2,***,arBpuOWz,2824
33,4.2,***,EV5gVUDx,3450
34,4.1,***,1SseU1Z2,4304
35,1.7,***,xaaB2GjC,1634
36,3.4,***,d3503q2Q,3859
37,3.5,***,BBRwDHG7,1313
38,1.2,***,3ZlsKpC8,1778
39,1.8,***,uhseP159,4449
40,3.4,***,8s83izmj,2532
41,4.1,***,G4hA8sFV,2412
42,4.8,***,5r6uv6BQ,329
43,3.2,***,nCjWlcL2,818
44,3.6,***,nNC9MYHq,4162
45,1,***,2uIEnth6,931
46,1.2,***,XvZMInbr,4015
47,1.3,***,NqWtd4O9,4053
48,2.9,***,iAUGyi4p,4585
49,2.2,***,3n8SunDU,2554
50,2.3,***,78slGv7J,4620
51,1.1,***,Q8SFnm1y,999
52,1.3,***,Be0vKN5S,3415
53,4.6,***,EcWsLSRw,1064
54,4,***,PC5j8Xbz,4434
55,5,***,0zdEudOq,4327
56,4.9,***,j9ShPaLi,3624
57,1.2,***,hWaUCtzA,1250
58,3,***,eQKyaSSB,3343
59,2.4,***,CI9vJhaJ,3061
60,2.2,***,QDpnEFUr,1509
61,4.9,***,ca13nqg4,2984
62,4.1,***,hbp8ktfB,804
63,2.6,***,hxa9si8l,3448
64,1.7,***,K6mP5nxi,1528
65,2.8,***,VlGqVwGR,2417
66,4.9,***,vNGuKAGh,2339
67,1.8,***,7iJUy7PY,650
68,3,***,nZ6AtbkM,1960
69,3,***,H89SVYwJ,2178
70,2.9,***,KG4Jl0pV,756
71,2.9,***,3ST21fed,4677
72,1.1,***,hQMfUFjF,3838
73,4.5,***,RQBppzCt,3254
74,2.4,***,idJ6RASj,4172
75,2.6,***,bijdHzm3,3216
76,1.4,***,IgJdugYW,113
77,1.4,***,giijJ6x0,2624
78,1,***,OnN3nLWn,901
79,3.6,***,1RLcibGK,809
80,3.4,***,ksw9AhFD,3116
81,4.8,***,9v8vgyaZ,4605
82,1.1,***,nBsgXsV1,886
83,4.9,***,08MIKQ1t,4866
84,3,***,7YlOTvDp,4170
85,2,***,boAxNYxz,2036
86,1.8,***,Wtl0NI97,1986
87,4.5,***,CwFMNRtt,4690
88,4.1,***,VwKUUrKp,831
89,3.3,***,ei70Rndi,1954
90,2.1,***,qGE2KIfZ,2754
91,3.5,***,KzGJuM6D,1637
92,5,***,v3j8Xdmw,76
93,3.5,***,7pXjhn6A,3128
94,2.9,***,qTR9HRgf,2531
95,1.7,***,DiHdvPAc,1836
96,4.6,***,t6komAP7,4471
97,3.2,***,GDVmYsqt,3270
98,4,***,UCTwCDMt,4446
99,1.9,***,SSWDj0s4,2497
100,4.8,***,XfFc8kFX,1275
101,3.6,***,iADYa1tP,1287
102,1.7,***,KwbhzDby,3622
103,1.2,***,B5rX9lLH,454
104,4.9,***,iJMfYmBb,2451
105,3,***,NDHikdTN,4052
106,3.3,***,itMEXQnD,648
107,3.8,***,HicN2tet,1044
108,4.9,***,Xfvta7bd,1704
109,3.7,***,jV72ab8x,1206
110,1,***,7r6KYmQv,3468
111,4,***,OZjleGk3,4092
112,1.3,***,6rEvDTNS,4553
113,3.3,***,V2zUgYpN,1577
114,1.4,***,VsEVi6DW,1048
115,4.3,***,KCW1vmF3,108
116,3.5,***,Womjao3e,4428
117,2.8,***,f5TfoAIl,1482
118,3.8,***,s6MpPAAg,72
119,3.8,***,V1T3c0um,431
120,3.6,***,LFHmLlqw,4131
121,3.8,***,DeajdXMS,2143
122,1.3,***,xuvHrbAi,1097
123,1.2,***,zD5i4ElX,562
124,2.7,***,MgIpebXr,65
125,4.8,***,mX0YBIid,1265
126,4.1,***,zUEkXU0m,408
127,1,***,cSmbY4e3,2133
128,1.8,***,hQ8CON3u,2311
129,3.5,***,TUplGzOE,1045
130,4.2,***,KIqEVsB0,4351
131,3.5,***,hoEMX3hX,3006
132,4.4,***,UNQiRprJ,1836
133,1.7,***,5fD3uijM,4539
134,1.5,***,UkwSOzyh,1731
135,3.5,***,gTAyjblz,2327
136,4.1,***,Zu4dofEC,816
137,2.8,***,LPZJvB3U,4476
138,3,***,o4h7Cl90,179
139,2.4,***,SxiZbciq,4732
140,4,***,QnFBV7vH,4258
141,2,***,25CWoNV1,4370
142,1.7,***,iyoiuHyb,3704
143,2.3,***,Ue1v28QT,1966
144,3.1,***,ex6CzKAZ,1689
145,1,***,ROoULwHe,522
146,2.8,***,YcWvLqp2,1769
147,2.7,***,7HBrwYVy,1466
148,1.5,***,Vayp0ooD,1372
149,4.2,***,DCFoijWf,2400
150,1.2,***,BIA7EWmw,1425
151,4.6,***,zcimeqGJ,172
152,3.4,***,RU5w8wEg,3588
153,4.1,***,vjlwd0Cm,3752
154,3.4,***,jR9WHh0h,4170
155,3.1,***,qwqCs1zz,3860
156,1.6,***,8dCXXDdM,780
157,3.4,***,iCztdGw1,1702
158,3.8,***,qzmNoeMu,405
159,4.4,***,hz2gP71L,4433
160,4.5,***,qCpP6IbM,1603
161,2.4,***,Qfy3a3Sr,2316
162,3.8,***,r8DzdWia,3067
163,1.5,***,TYmteRM4,3683
164,4.9,***,mZtxSgHj,1120
165,1.7,***,FFroG3rS,979
166,4.4,***,M2qiahlL,3081
167,1.3,***,erKgtjdT,4197
168,3.2,***,vE92QuWC,178
169,4.4,***,XpUfcSQJ,2760
170,4,***,wmMBlVeO,4713
171,3,***,IdLp1y6y,3434
172,2.2,***,ws3nNcik,3204
173,2.1,***,41lvnboF,4747
174,1.7,***,vT1CDIWz,2251
175,2,***,id49dC3W,3141
176,4.5,***,ciiAS3BI,2104
177,1.6,***,PJ4Evn8M,4970
178,3,***,aUXONgzF,2038
179,3.5,***,x3efUknb,2316
180,1.9,***,WzFp3X9X,819
181,1.1,***,1E2JXBv9,1938
182,2.8,***,5jgVHtGO,3332
183,1.7,***,IE0XHcFl,421
184,1.7,***,zSZBZ35u,3247
185,1.7,***,yDwVH1wn,292
186,4.8,***,hxp25z72,1272
187,1.6,***,haYU3oWg,4795
188,1,***,VWSgMaE7,790
189,4.6,***,HX5rvK9n,2607
190,1.4,***,C62NsHzJ,1811
191,1.5,***,END34oLF,4893
192,3.5,***,Y9kYkTtJ,3911
193,3.8,***,GfNi96bu,36
194,1.1,***,o9NfjMPG,2874
195,3.9,***,GOk7oSr4,4358
196,1.2,***,mpFVMQfw,464
197,1.3,***,ab1Furbm,1327
198,5,***,UUmEn6V6,1940
199,1.7,***,hXRcg4u9,3475
200,4.3,***,oFPmrRWP,2533
201,3.6,***,SCBSYd6X,2025
202,1.9,***,JuuHAhQ8,68
203,5,***,hTv7247c,1255
204,2.5,***,IrARqeRI,2880
205,1.3,***,YDDmSZqc,1039
206,5,***,GYjuILcS,1621
207,3.2,***,U1B1intW,1547
208,4.8,***,dbN4jp6Q,3856
209,1.5,***,N9RqPCWJ,4018
210,1.7,***,AsYn2rLn,2966
211,4.8,***,AYNU1GbA,1267
212,2.1,***,fd1jA5UN,3146
213,1.1,***,OsQpU9WY,2007
214,2,***,22c8MW7Q,4036
215,2.2,***,88G5ZZi9,1693
216,1.2,***,EosqJS5o,2096
217,3.4,***,cFCayIFs,1539
218,4.6,***,MSZ1iEsC,799
219,1.6,***,nhvdR3bI,4980
220,4.8,***,0kMBP3Xr,1452
221,2.1,***,A0LyUBJE,3704
222,3.2,***,b8OSONx3,4292
223,2.5,***,ZGBr5PKX,1245
224,4.1,***,PZATWmSq,1583
225,3.8,***,eNZ1wQgB,4736
226,2.2,***,1YPW6kjH,3509
227,3.5,***,QraFrhCg,580
228,3,***,LBgPQlMa,1139
229,1.4,***,swk7hAdB,2360
230,4,***,0cFpQRNi,522
231,1.2,***,MIQf7d7F,3775
232,4.4,***,vg2fkTf0,2786
233,2.4,***,EdRgZD4J,11
234,3.3,***,HYuELFre,3083
235,4.1,***,PDvjokZX,1721
236,2.9,***,kZfxrzXP,787
237,1.6,***,h8pllaBy,2938
238,1.7,***,Nfdvuo2d,3841
239,4.4,***,a4UeVWMG,3265
240,3.3,***,KXKFjIq5,3625
241,2.3,***,gkTKueIg,724
242,3.5,***,niwv9x2y,4852
243,1.3,***,w5nhLEJ2,4370
244,3,***,vDBNivpL,2033
245,4.3,***,Qxfp4sjo,1422
246,3.7,***,u1yYLiJJ,4408
247,2.3,***,OBhFRvc9,1707
248,4.7,***,waKPGG2U,2533
249,2.1,***,bpz5ziaa,4309
250,4.7,***,ERAYNTTv,2379
251,1.2,***,pPFIR6vJ,2655
252,4.6,***,eExFyJnI,99
253,3.2,***,D55zTbkJ,1219
254,1.2,***,vCTqKDb9,3596
255,3,***,TScObWMr,3052
256,1.6,***,NRKsEMC6,2659
257,3.5,***,9CL4Mtjk,4838
258,3.9,***,yOBPODGZ,985
259,4.7,***,0BDjhbfr,217
260,4,***,fR1m1Nx1,126
261,3.8,***,BRIkRkwx,3357
262,1.8,***,NTuAmqSD,1972
263,1.2,***,KK5mELWH,1818
264,1.1,***,ZdU8z7NA,1505
265,3.6,***,UutwHAz4,3346
266,1.3,***,W34H1Nol,3618
267,2.8,***,UfGcJ81n,58
268,3.2,***,PgLB5Wyb,4798
269,3.4,***,7AhhfVLU,665
270,3.4,***,mc4ERbLO,791
271,2.2,***,geQuPdxs,585
272,3.7,***,rz3lIB3l,4716
273,4.6,***,t7hvjPbL,3529
274,3.5,***,Te8vZzUd,4212
275,4,***,QlDwiHHl,2104
276,1.3,***,fI1VAP4Z,3135
277,1.8,***,y1mPIMAc,1376
278,3.2,***,Ya0xyRUG,1804
279,1.6,***,E9s6MBi4,2461
280,1,***,kwnC7j1Y,1522
281,4.9,***,e4OzpoBg,1096
282,2,***,c4tapiXN,3227
283,3.6,***,ecipOzQn,2349
284,1.3,***,g0XaMqq1,4708
285,1.4,***,DIUo0GXn,1421
286,2.3,***,tsdd0FQg,2877
287,4.1,***,9w7wjcp2,2777
288,2.6,***,XAytKPfq,3528
289,2.9,***,DWbe19yd,4637
290,4.7,***,xSCeuUbU,4503
291,1.6,***,jaRdFZcY,1698
292,3.5,***,2eK0xlgW,948
293,4.7,***,3Yt1CfaR,4265
294,1.8,***,xDYXwtpj,3262
295,1.7,***,kMhuuyKg,3750
296,5,***,lXbFAZi4,108
297,1,***,9LelHxCd,4003
298,4.4,***,b5MLxZdR,2462
299,4.1,***,C8bwgw8b,655
300,4.8,***,QXM0HfUc,3759
301,1.9,***,q2aodvmy,3322
302,3,***,EWJzdiEH,1790
303,1.7,***,m9qrO6gi,4371
304,4,***,Vb6iiTkz,2752
305,1.4,***,PuZAU25b,736
306,1,***,xdZzEPlH,4886
307,2.6,***,PmNwwbDM,1700
308,5,***,oqqZbtCg,2398
309,5,***,RDdnNHRi,1187
310,4.9,***,K5vYmKWj,2840
311,2.8,***,zoOiwaaM,983
312,2.3,***,6ioEPaI9,2968
313,2.8,***,mjIaUzOX,1120
314,4.9,***,zpo1PZGN,1267
315,2.9,***,Y4bKuClZ,2242
316,4.3,***,rbrwRMYh,1417
317,4.1,***,6QdwMMIt,4362
318,2.1,***,YGCkInnm,764
319,4.3,***,DYTVW9gb,1389
320,2.5,***,xkqG8uKz,3678
321,2.8,***,3W94Fclr,968
322,2,***,RbDSJ3qs,4296
323,4.6,***,o0781tCb,945
324,3.5,***,FuGMtH9U,1056
325,4.5,***,rpteGpQz,2186
326,1.8,***,i3NXTEjx,3918
327,3.7,***,W4mmooI9,2072
328,4.9,***,M1iKzrsz,4652
329,2,***,veBafkZ6,163
330,3,***,VBP8mOGy,4704
331,3.2,***,KB6zUBNc,1578
332,1.1,***,aadelbWT,3431
333,3.6,***,Mj3Uyjzq,66
334,2.5,***,cfH8aKoR,2775
335,3.5,***,HmqQ2vqA,4472
336,2.4,***,q3ePS1hI,4624
337,2.2,***,95WgDXRB,4339
338,3.7,***,fJ3QZGbt,487
339,2.1,***,XYm86Fw4,4192
340,2.4,***,BnswH0nj,4770
341,4.2,***,t4aVIFYw,1142
342,1.7,***,688NqJYA,2620
343,2.3,***,QBhOWKcm,408
344,1.5,***,78GEAsWz,4132
345,4.7,***,F7tZuWXY,292
346,4.8,***,ihB9dvN8,3159
347,4.2,***,lAYTqXbx,1421
348,2.3,***,KWn3YjcQ,4428
349,3.3,***,UkmxiEWa,4909
350,1.4,***,avvKR8tG,2300
351,1.4,***,h5suwXeJ,3983
352,4.5,***,QAqitTTf,1259
353,4.4,***,bPcchfqP,2036
354,4.4,***,023gyJOY,4070
355,2.2,***,7eMAlvJK,3419
356,1.1,***,42WvpdfV,3896
357,4.4,***,3w7nx6aH,4073
358,4.2,***,doJ1dXNu,3014
359,4.5,***,ctQIile8,4657
360,2,***,JEkVhefO,4863
361,3.4,***,RtYe0D6r,4743
362,4.4,***,ZBMDQxCO,2828
363,2.6,***,8jIHFo6T,3357
364,3.6,***,XqGBu4Gr,262
365,2.3,***,7ocjRhgZ,1564
366,2.6,***,Bzfi6Odc,4912
367,4.8,***,ViJwBqNR,4761
368,5,***,GAWBlYxs,1038
369,2.2,***,Z9mPoRTz,1109
370,1.8,***,yGYDBnog,4180
371,3.1,***,una282uP,4767
372,3,***,XtnQEWxP,4152
373,2.8,***,X9t5V8sl,3998
374,3,***,iqi1sTxY,1145
375,2.4,***,roj0txnw,3822
376,1.8,***,pcNDgEHp,2197
377,1.6,***,XguZhFRP,676
378,1,***,VkOJmKAv,4858
379,1.1,***,ixlaCDHQ,535
380,3.9,***,M6q7IjJ2,2896
381,1.4,***,f5027qQa,4871
382,3.1,***,YvjfELfq,3680
383,4.2,***,phJzmzu0,4345
384,1.2,***,tp9dVack,940
385,1,***,xUxJehrQ,2252
386,4.9,***,3lZjs2Pp,3509
387,2,***,O9vK7tEX,2205
388,1.9,***,3GkyL7jE,35
389,3.7,***,OL97g89v,3898
390,3.3,***,DWLip2dj,2348
391,4.8,***,01JPakyY,2939
392,4.1,***,KqPSi322,285
393,1.5,***,BKG025tM,3172
394,3.5,***,auyTCtkG,3367
395,2.2,***,zxmNk01V,3466
396,3.2,***,cDkFyqkL,2479
397,2,***,gklsO4z5,1146
398,1.9,***,yL2oeZ50,2079
399,2.7,***,sEqlB2Ui,2799
400,3.2,***,yHGajY64,1895
401,4.7,***,reTieX4q,4049
402,3.3,***,cCtE42Tz,905
403,4,***,4ioMEcPi,444
404,3.4,***,Vvb3gLKw,1696
405,4.4,***,4jq7dL70,2329
406,1.2,***,ciD7wq0G,3606
407,3.3,***,n7flhFQY,819
408,1.7,***,twz9fUIO,4792
409,2.1,***,JOEdzuvl,4802
410,4,***,qHPClsJ0,2484
411,4.4,***,GBy7y1AZ,1515
412,2.1,***,Rh1xCJDx,3745
413,4.7,***,O9WaKCyr,3568
414,4,***,XGNnDJhH,4865
415,2.9,***,PABuGGUk,161
416,4.4,***,s9b3gogK,1244
417,3.2,***,J7AO7U7B,2301
418,4.9,***,U9pLuuCc,2386
419,1.6,***,DI4U8oR1,974
420,3.9,***,lY0TofMj,2469
421,4.1,***,kxbOM3cY,1705
422,2.2,***,GuKPODY8,3053
423,3.1,***,L2ZIqln9,2499
424,4.8,***,DyNtnNah,1487
425,1.7,***,PuQifc1s,2258
426,3.4,***,AegJkWzR,3587
427,3,***,nIH4zfkR,464
428,1.9,***,61Mcqv3m,647
429,5,***,davqSTL6,2364
430,3.7,***,W4xXAA9v,828
431,2.5,***,mk3mv6Ol,3064
432,1,***,9HZxTtAd,2573
433,1.2,***,YWDEFfqC,4018
434,3.2,***,MZZBpbJT,4101
435,1.6,***,3oro62V2,136
436,2.6,***,bZLzH9bz,2133
437,2.3,***,1BXNrHeP,3273
438,3.7,***,Aq8or1I7,1165
439,2.7,***,T1Eiz7Kq,3119
440,3.2,***,B6ifAlqE,3886
441,1.9,***,lrFDMCfy,2790
442,3.7,***,wylkfB8y,2063
443,4.6,***,SYd7HMbQ,1432
444,2.5,***,Y5SYsD58,2311
445,3.9,***,bddcPtxS,758
446,2.5,***,WqqokJNE,3361
447,1.2,***,ploEHJgW,776
448,1.2,***,KnqSdRu9,717
449,2.1,***,5nzMxdpD,620
450,1.8,***,8Dk557F9,4124
451,4.6,***,A1T9nWsQ,109
452,1.4,***,rnsgsYBi,4586
453,3.4,***,lfejRZxF,3340
454,1.6,***,dbsaRq86,4484
455,2.9,***,LZlIEKE4,1536
456,2.8,***,D7omd0L0,4696
457,2.8,***,lFboCcjz,2980
458,3.4,***,lfZL0CBe,3451
459,1.4,***,BT5vUonb,2825
460,3.6,***,IhE9MvOq,936
461,3.1,***,N50yT0wN,2955
462,3.5,***,BHyFnFj8,2707
463,1.8,***,icWVO9r4,170
464,2.8,***,POWHcr4J,732
465,4.9,***,sq7s8nxi,4737
466,4.1,***,4S7w77Ii,1608
467,3.9,***,tIPwiFV3,1388
468,3.8,***,uyUQvQ6y,143
469,3,***,ZSr5N0bA,2321
470,2.9,***,kb6CcMfU,1457
471,4.3,***,I9y1OQdG,766
472,3.1,***,qvDIECNW,2931
473,2.2,***,zCtfyUSu,2974
474,1.7,***,N50CE4X6,1321
475,2.6,***,5SonIjo5,1821
476,3.5,***,0LvwS7Tm,1326
477,1.8,***,wtLQZ0wz,4831
478,5,***,R9eXSPkO,773
479,4.6,***,fEblDNi4,1157
480,1.6,***,w24MFbMO,1612
481,2.9,***,nqlgBBQu,3376
482,3.5,***,Yf3KzCdT,3269
483,1.2,***,9GYwZamk,3811
484,3.6,***,9VdYE4GJ,2962
485,5,***,IopwscLF,1495
486,2.1,***,Vn1mvyqI,1387
487,1.1,***,PxCqyMIo,1600
488,3.3,***,fyaeCeFY,3559
489,3.6,***,n1SnWRA2,1905
490,3.9,***,PIbvy4G0,1567
491,4.2,***,ZcOWv77j,4518
492,3.7,***,6erChl6U,256
493,2.1,***,HvxZtmbV,1399
494,2.7,***,MFqzCRSM,625
495,3.9,***,JDXBiYSz,3314
496,2.7,***,fBgJdWVc,3685
497,3.5,***,1jbZetso,1478
498,1.6,***,7wPhqFrg,3346
499,2.5,***,0J6h8rL6,2588
500,3.6,***,W84odls4,4613
501,3,***,EVMG4AH8,1604
502,2.7,***,uFroldH7,2274
503,1.1,***,BfXm8GhX,2640
504,4.2,***,lTvGGLpK,4744
505,2.4,***,RVSoBi4R,2467
506,4,***,J4zdVMvP,326
507,2.7,***,7b9b88q1,994
508,1.7,***,oWRXqiJo,333
509,1.1,***,dAPUqBnJ,2640
510,1.9,***,0vIruLHj,3958
511,2.1,***,dDdBcx6M,1210
512,4.7,***,tiHPYL5g,1743
513,4.8,***,pqjfzDPA,2095
514,4.9,***,FlLAneDl,726
515,3.9,***,my0VMmxs,4500
516,2.9,***,5TvrO3L2,2280
517,2.8,***,iz8es2qN,2689
518,2.3,***,i8X4NUrs,1763
519,2.3,***,sPhuZdoZ,956
520,3.5,***,rzCiMNrk,3821
521,2.8,***,2E5SAsRC,3434
522,4.4,***,FsAIcJWY,1404
523,3.3,***,gSonacow,4505
524,3.7,***,aalJ4yyn,1194
525,3,***,6iTGBorE,340
526,1.3,***,K809BmnQ,2737
527,3.4,***,V4iM2T5s,4368
528,3.1,***,7wg6Y281,426
529,3.7,***,v9A95UR3,3279
530,2.1,***,zCNLUV8u,877
531,3.3,***,aObFy058,1656
532,1.6,***,eJkwbibp,2208
533,1.3,***,dVcqlVJh,4619
534,4.9,***,qfHfteMx,3936
535,1.4,***,olvajtH3,4124
536,3.6,***,DAyfUi5z,1916
537,1.3,***,5JgD1sCe,4189
538,1.4,***,bBE8Bx93,2746
539,1.3,***,Xelvm1qG,4035
540,2.1,***,ZN1VWtI5,4890
541,4.5,***,WxHlDxBc,3222
542,1.2,***,2RF3qvh7,2555
543,2.2,***,yesy9GUc,1574
544,4,***,0wy3rUrR,2431
545,1.3,***,sdXx1iC0,2489
546,4.8,***,xaRkSpMk,4450
547,3.2,***,ekF1WuE8,2460
548,2.3,***,pD3Ew6sB,384
549,1.7,***,qKbW6Oao,2848
550,4.5,***,mWWsFb6Q,640
551,3.5,***,vpX6JPfp,2598
552,1.9,***,KmzbSdZK,1057
553,4.5,***,ziReU7dn,4819
554,2,***,n1aPlTcL,2523
555,1.1,***,KD0DmjNa,576
556,3.2,***,4Ii7GsAD,1601
557,3.7,***,Oo4vfB4I,1029
558,3.5,***,Vl2h7ewP,1212
559,4.5,***,Gj4MsUw2,3197
560,2.7,***,tYb6qagr,3688
561,3.5,***,pNvzDJxY,4051
562,4.7,***,oGi3h7SR,4595
563,4,***,ME2K6plC,4407
564,2.2,***,lTtdBMnn,2035
565,4.2,***,hc34ZDww,3407
566,3.1,***,eStL3S4v,862
567,4.3,***,DJO5TDI5,427
568,4.1,***,sqvsNoLT,4326
569,3.7,***,eL2ClEj2,4830
570,1.1,***,pTT6u2F6,3525
571,2.9,***,b7gVmjK3,2475
572,2.8,***,4L4WlrFt,4547
573,2.3,***,clGhPkaF,4767
574,2.4,***,Vv47kUko,4552
575,3.6,***,xEGYYvCT,4868
576,1.6,***,X2CHeUAz,457
577,4.2,***,aKvD9rOJ,2317
578,4.2,***,Akt4w4D3,4197
579,1.6,***,PAVdaMEu,1666
580,1.7,***,S9piJYBF,4966
581,3.3,***,fhDkS1vI,2072
582,1.3,***,kuXzyg9K,4560
583,1,***,536xEFDQ,1708
584,1.2,***,XUdHl8La,2174
585,3.2,***,21Elgvvz,1621
586,1.2,***,D309yZ8o,1688
587,1.8,***,WTafHkeK,4986
588,2.5,***,qEElt6NU,1748
589,5,***,kj6mpdYQ,4081
590,3.8,***,BcvDgiDt,2598
591,1.9,***,nXNShGW4,2730
592,2.4,***,uLDo3nTm,705
593,2.7,***,q25C73G5,875
594,1.5,***,0WVujbPh,736
595,3,***,P09HcqbW,1876
596,4.5,***,BfJ0sFum,3393
597,3.8,***,6YoNYf1V,1665
598,1.5,***,BaEhA15y,4916
599,2.1,***,PTTS2Ago,2835
600,2,***,FeRnJeJl,3526
601,4.5,***,a0btKFcN,243
602,2.5,***,dgdmraoS,2074
603,4.8,***,TQhbk0HU,1570
604,1.2,***,YXkJJ8bH,3780
605,1.8,***,Y9x5DPlI,4761
606,1.1,***,vhGYu1hY,445
607,1.9,***,l3SWH6vw,420
608,3.9,***,WNfSL6Cw,910
609,3.5,***,wbJ0hBGm,1327
610,3,***,ujdm1zx7,3031
611,3.8,***,XhPTKzyJ,710
612,1.3,***,8XmjxCmu,1552
613,4.8,***,BafkJebK,1896
614,4.3,***,TcnvnlVs,3279
615,2.3,***,qkvQmf2g,3036
616,1.7,***,PVdiBkp0,524
617,4.6,***,7qdw0pES,4429
618,4.6,***,6oEgAXrL,2209
619,2.5,***,xIR1ehRs,3708
620,1.5,***,tuDaZ8GX,2555
621,3.7,***,37u7fsU8,2262
622,1,***,PwFhUPqD,2583
623,4.8,***,mMiviBIF,297
624,1.8,***,NNtgNgIf,426
625,1.5,***,0FMIvLB7,3189
626,4.8,***,PieolSrY,855
627,3.3,***,H8gTM66O,3139
628,1.3,***,WpDKuuC3,2025
629,2.9,***,zX20aXjq,2610
630,3.8,***,11dLHHIE,3150
631,2.1,***,UWnhACUF,2940
632,3.1,***,XN4fh2jW,2787
633,3.9,***,lB2pmccT,1110
634,1.7,***,KlgfQNfs,2744
635,1.5,***,tZs7cxx1,1054
636,2.3,***,ibKaoxi5,374
637,1.3,***,D5IYw3pw,839
638,4.2,***,vnPXiVbY,1381
639,1.3,***,4tPO7EZl,1805
640,2.6,***,HMXtw5su,3570
641,3.3,***,vog6Souc,3044
642,4.6,***,YfBnYib1,2329
643,2.6,***,Lt4tqtco,4886
644,4,***,rzcxcevr,4105
645,2.4,***,EQJ0MMvU,4017
646,2.9,***,PbbwekFN,4421
647,4.8,***,bkVzq029,4853
648,3.5,***,EU1qiYSZ,2601
649,1.6,***,FF8IDGVS,3797
650,4.5,***,hN1diV7m,1856
651,4.7,***,QFDucUEl,3474
652,2.1,***,CdoSXECo,3029
653,4.1,***,xB7oGkTc,703
654,4,***,l3H7Mw4U,1910
655,1,***,64D0xJOK,4115
656,2.6,***,hSrNczhO,2116
657,1.2,***,N6GHSyTN,1430
658,4.7,***,06AA1Udv,4257
659,4.5,***,wIsOPTWE,4273
660,2.1,***,eW1TpLJu,608
661,2.5,***,JtogABqT,2822
662,4.8,***,Eo8OS7wk,427
663,3.6,***,45uoLccU,69
664,1.4,***,e1MW1WLt,1672
665,2.6,***,jz7I6DAx,1138
666,2.3,***,a7C0bAp6,1051
667,3.1,***,KbOWKTxy,43
668,2.3,***,CDEA3Wif,2329
669,4.5,***,lBT7w6DD,1014
670,3.4,***,73ovfEPU,2115
671,1.7,***,eefrCf0X,1577
672,2.1,***,X59mtmgI,4984
673,4.4,***,IvSfs0x0,3951
674,3.2,***,L1ARWAOh,1976
675,4.3,***,xyD3UnvV,1077
676,2.5,***,ZzYU0YD1,225
677,4.5,***,3Wgaz3uz,1560
678,1.8,***,OIKrXy9J,3469
679,3.3,***,Nv6IBgjv,3479
680,2.4,***,FZyPcx4o,23
681,2.9,***,qxYEa8LR,1105
682,2.2,***,MaSQwziP,1129
683,5,***,MGRWhlMe,4944
684,3.9,***,0qnNp5So,744
685,2.2,***,QeVDhr1G,2184
686,3.5,***,8LlvjZoR,3754
687,4.6,***,34bAatCB,2033
688,3.3,***,goKH6g2A,1573
689,2.7,***,8SkmvQui,3015
690,1.4,***,bghYFdiz,1790
691,4.4,***,63EIH6ui,4858
692,3.7,***,eBM03gI7,1169
693,3.7,***,9HB4EuZO,2880
694,3.5,***,hhpSpCb3,3037
695,3.3,***,6jRT0VV9,2947
696,4.2,***,pxb2YDDV,969
697,5,***,C31RyXEI,1338
698,3.3,***,6ifWDmOn,3570
699,4.8,***,aNQ5C2sm,4036
700,4,***,IFieXVd7,1756
701,2.7,***,YpRIzs2T,3693
702,3.4,***,g6B9zA9V,3245
703,3.8,***,5YXvwEJC,2295
704,4,***,muRynhrT,3159
705,4.7,***,Ot07vTyO,1919
706,1.8,***,hO9oWmPX,1839
707,1.5,***,XeI3UD63,3607
708,4.7,***,PDp9yWGn,633
709,4.7,***,1OX1sa5d,4642
710,4.4,***,q69g79KH,2882
711,1.1,***,I1FSLgOM,4320
712,1,***,EibR0FiK,654
713,2.1,***,IQQ9ptvm,3861
714,4.6,***,E3UMEyyD,2167
715,1.4,***,IVLlDqlj,3675
716,4.7,***,Bd7M3ie2,392
717,1.6,***,P075zvoL,4612
718,1.3,***,KPg7wiaJ,4278
719,4.7,***,9SBU1RAC,874
720,2.7,***,6FHpGXTJ,2080
721,1.3,***,8iSaPZqt,684
722,2.4,***,bgs2imNc,2771
723,4,***,JucypUub,490
724,2.2,***,0KnX1nBm,2212
725,4.2,***,U4DkoHzw,3389
726,1.2,***,6aG92Nok,4154
727,1.3,***,nqfbzNlE,3563
728,2.3,***,isgkYgQT,4055
729,5,***,kAfSar5F,3727
730,4.9,***,RXEZibB8,340
731,4,***,ZBhfDLd1,2716
732,3,***,aS0Uf1pP,2338
733,2.6,***,FinlUiyU,645
734,1.6,***,jDlBMSj9,435
735,3.7,***,1ioYBeIm,4080
736,3,***,o1d7P5RQ,1500
737,1.9,***,RLRqX3MB,4125
738,1.1,***,zvsmKBfQ,2889
739,1.1,***,Djf0aklT,2424
740,1.7,***,ky2HzQ8o,2040
741,3.6,***,ADctyLDa,3525
742,2,***,JaA5yKOZ,1733
743,1.4,***,Xi7WHkN5,1991
744,5,***,T0pX3KqH,3426
745,2,***,nSQo4Oag,1067
746,4.6,***,rQR6yUTf,1991
747,2.5,***,ux7RFwCj,978
748,1.5,***,mO0YfCtw,2716
749,3.4,***,FcqzovxE,3057
750,2.2,***,0zDKIySM,4314
751,2.3,***,fpbWdSQa,1210
752,4.3,***,sgE9jklS,1598
753,4.6,***,stphT8bv,4964
754,2.6,***,mKMjm5dZ,3497
755,1.5,***,MT0FNFvt,3967
756,1.1,***,hl4vhnSN,3952
757,5,***,4ELHItDp,3871
758,2.1,***,fUkhZL1w,4805
759,2.3,***,2xL07hdq,4162
760,1.3,***,tESkzIBX,4422
761,4.5,***,XsS8cP4o,2604
762,1.7,***,xqC5NZUc,1457
763,3.2,***,DirakyJs,1706
764,4.7,***,8UgajyhB,2264
765,3.6,***,8DjC5EAU,3971
766,3.9,***,Zay2P4TM,1005
767,1.6,***,NFLbL8td,2685
768,5,***,pfs0RPEU,4754
769,1.6,***,R5TRMPhw,1939
770,2,***,NO7IxyG1,4873
771,4.8,***,WLObxFNy,1285
772,1.2,***,wowgW6PU,3926
773,4.4,***,hMce810x,3700
774,3.7,***,TkfWv6rs,3734
775,4.9,***,SuWEU8mk,3200
776,5,***,CgLV9ltb,3723
777,2.8,***,7beLMoe9,573
778,4.9,***,X4WuGTdZ,4517
779,4.9,***,8TAOPwe2,3708
780,3.5,***,EfEmDZSr,809
781,2.5,***,lFaGK8uh,1095
782,3,***,kBA1ImMV,1608
783,1.1,***,RXULKUu8,273
784,1.2,***,wQ74n6xB,1807
785,1.5,***,HnHVVrit,3014
786,4.8,***,ItLOG1gG,2474
787,3,***,8VmwaEb3,2014
788,1.8,***,pn3QVxfS,790
789,2.1,***,wmhqteup,1412
790,3.7,***,4bnNo9WC,2141
791,1.4,***,OYCC8y4p,3829
792,1.3,***,6O4AOajl,3516
793,1.5,***,geuUDUUQ,1128
794,1.9,***,hBPZ9PYh,4862
795,4.6,***,l4lkr3Xm,3793
796,4.3,***,SCTigooR,1373
797,3.9,***,RvoG6EFP,4729
798,1.8,***,XApRMZlP,3744
799,3.1,***,RDE2laqH,1159
800,1.6,***,O9PWlkr1,166
801,1.1,***,v1UTcn1E,467
802,2.9,***,0inhuT0Q,751
803,1.7,***,oTLXzn17,4846
804,2.2,***,a7QHogM1,4493
805,1.8,***,1Kqla8F6,2185
806,3.9,***,lw6EIDk8,1359
807,3.8,***,Eg04nDPp,1384
808,3.6,***,vWyg05Jh,4621
809,1,***,HHsyBhjo,2100
810,4,***,lm675IIP,524
811,3.4,***,HwjCqN4X,1369
812,1.8,***,V0PGxH5V,1419
813,1.1,***,oxbL4Zq4,1154
814,1.5,***,hHAMk6FC,4597
815,4.3,***,6YkCmoU6,1999
816,1.8,***,8nKnuhCG,4447
817,4.7,***,MDZljRQ7,4489
818,1.3,***,OOMyT6q1,2980
819,2.7,***,gQVT4CdW,4464
820,1.5,***,CmxkepLk,4098
821,4.8,***,5uT8OlMA,107
822,4.9,***,mS1vRT16,4476
823,3.1,***,PyGpZv1f,4995
824,3.7,***,1yVQFWtF,2225
825,3.9,***,A0fUwYa2,566
826,1.9,***,3cyR69PF,825
827,1,***,dnyo9Bct,4907
828,1.7,***,xxIzQqGR,1153
829,4.4,***,JAf3Pe6C,469
830,4.8,***,mxATdnx4,4049
831,4.4,***,4Vi433Kr,4671
832,3.7,***,7hFx2Aie,2445
833,4.4,***,dSYWJiaF,4122
834,1,***,d1AuvWDw,4827
835,4.5,***,lFhOmsDy,1378
836,2.6,***,wDzvpl6d,251
837,2.4,***,jeVMc77m,1358
838,3.9,***,oHtIQmii,4693
839,3.9,***,L582wzNC,3651
840,1.3,***,X9r6wB8N,1864
841,2.8,***,cpABfYyy,2384
842,3.2,***,ksckEqpz,680
843,1.6,***,6sxWCAff,1816
844,2.6,***,UWhcXxV9,265
845,1.4,***,u2TnXMlQ,1923
846,4.4,***,cTQ0VOdf,706
847,4.2,***,MxVI1I4U,194
848,3.4,***,rrCA9378,4385
849,2.4,***,SOwyoQf3,3866
850,2.7,***,82Xz3C7I,553
851,1.2,***,v27KwTfR,2311
852,4.1,***,iS9B0woc,747
853,2.9,***,Og8N1k7f,1003
854,4.8,***,5DlYv60O,2299
855,2.1,***,L5xmpDrT,1617
856,2.1,***,68rzc8U1,3087
857,4.8,***,BBX3Svu2,2317
858,3.9,***,qIa08A1s,1710
859,3.1,***,U2ILyHeF,2102
860,4,***,GzaVZWC9,1083
861,4.2,***,Uw5yR2iM,4940
862,1.9,***,hoNZXO8b,1559
863,2.4,***,XfWzpTpO,4926
864,2.8,***,rbR3V9Z9,4347
865,3.7,***,l5C265ls,3512
866,2.9,***,osrWZpRN,748
867,4.2,***,VLFDGSLa,447
868,3.3,***,WzpxJw4O,1948
869,3.1,***,7JV0LrKm,4784
870,3.4,***,RkjgGfjM,958
871,3,***,wIYG6WOz,2469
872,4.6,***,I4GrHutE,154
873,3.4,***,m8WJD6VW,1036
874,1,***,mzDCgnDM,4166
875,2.7,***,LHaxa5CD,2713
876,2.8,***,kf4uRCz0,4710
877,4.5,***,Wn0HOzgj,142
878,3.6,***,6gU3vD6i,3227
879,4.4,***,drsJu72W,4468
880,1.9,***,yWUrmGIB,424
881,3.4,***,GURtX3yx,4837
882,1.3,***,DhNUoJDp,4426
883,3.1,***,KHadTMnd,1791
884,3.7,***,rx5zuuS8,3674
885,2,***,8Uwy8EIO,4451
886,1.8,***,fSG0gbWb,281
887,4.6,***,TtW7nuPU,4780
888,1.7,***,s4HTgkqK,1168
889,2.8,***,htdC2JWJ,1096
890,3.5,***,QEF5uScb,2735
891,4.5,***,cK0vg9qb,1173
892,4.9,***,wlwoUfOI,2082
893,2.9,***,ojQlSVdv,4079
894,2,***,WUBcql3J,711
895,5,***,rUmgipD3,1665
896,5,***,D0wMchZt,3046
897,4.7,***,KMwEK56L,203
898,1.2,***,WsJjcnS5,1314
899,5,***,DsPnmNb8,1346
900,4.3,***,QATBiTEp,2144
901,1.7,***,3CdUZdha,3011
902,2.2,***,ghu84JhE,2359
903,2.1,***,uiRaiFnL,3714
904,2.3,***,OQSaKGLe,1843
905,4.8,***,lWpdc8w9,658
906,1.4,***,ykQr0jlF,1838
907,4.9,***,WqCPOW5B,4426
908,3.1,***,BeMGGSna,270
909,3,***,eEXUcrui,4670
910,2.4,***,Wfqw8wGn,918
911,2,***,vFl3hBAl,646
912,5,***,KpjaA21i,2557
913,3.1,***,QShGixeS,1866
914,1,***,S6WxBhBl,4457
915,2.9,***,8Z7P30sT,4077
916,3.1,***,mkPXiso0,2480
917,1.6,***,zngkEY0O,2179
918,1.7,***,4ligg7ju,3482
919,1.1,***,TCeODxuN,4484
920,1.8,***,4Xmjr3Fi,2013
921,2,***,1j3kmjPp,22
922,3.7,***,OscFiTVe,2657
923,2.7,***,QMWkwCLW,2195
924,4.2,***,8a8rCkRW,3099
925,4.1,***,TEin7Gwo,713
926,2.7,***,mqb7o00m,2988
927,3.7,***,RhW9oNtw,4694
928,2.9,***,ycNEFSHo,2467
929,4.3,***,Fmxu24cZ,3501
930,1.4,***,pZiHdaUu,3007
931,4.8,***,BBRqcaul,944
932,3.4,***,EricIPeI,2908
933,1,***,AvFPNERA,1422
934,4.5,***,qMuk5We0,3323
935,4.4,***,UzagChdf,752
936,2.8,***,FFftuZ1h,2008
937,4.3,***,ZruJ87Gr,642
938,1.7,***,oHp2NDXr,3806
939,3.6,***,5WM0bKU6,3466
940,2.5,***,EglTux2r,637
941,1.9,***,9onnaxdj,2330
942,3.6,***,OFIkBRwD,1512
943,1.5,***,LvfCaOrQ,2927
944,4.3,***,z2ZcZ5qf,2097
945,3.3,***,dra9b5WM,1186
946,2,***,wipEKfuI,4046
947,3.6,***,0vtOfSwR,4738
948,3.3,***,ytfbqpMQ,895
949,1.3,***,Sm65CpES,4952
950,1.7,***,PJ71PwhK,2893
951,4.8,***,p24RI2sl,4006
952,1.3,***,M1f6Sv5H,4612
953,1.1,***,G0U2P5ot,10
954,3.3,***,cobjovr6,3350
955,4.8,***,gaXvOgOh,120
956,1,***,z9h7Bn4e,3791
957,1.9,***,g3Qr2vR3,1833
958,3.7,***,Tn8LZQmD,507
959,3.1,***,S8hpxU50,4023
960,1.4,***,HcLh8I3p,2765
961,1.8,***,hmCO55Jh,3012
962,1.6,***,pCNImMBk,2782
963,5,***,kqhRIEQQ,2525
964,3.9,***,3BTw09pI,2378
965,2.2,***,pZMDRK6C,4052
966,2.4,***,1KL4NyXD,3589
967,4.5,***,8ZMFXpy9,2688
968,3.6,***,Igc5uqbm,2717
969,1.2,***,U5TM0UWt,4121
970,3.7,***,DvBSr46C,1115
971,4.2,***,DiTvm18C,3105
972,1.9,***,OATBTpK8,2448
973,4.3,***,E5LxqD7c,1608
974,1,***,NBX5E9L9,3164
975,4.5,***,bgi7T7nH,4447
976,2.8,***,VwlIDItW,202
977,2,***,ZGKT01Kw,2682
978,4.7,***,zs7QMCz3,587
979,5,***,kampMMaQ,2926
980,4,***,p688uWk4,489
981,4.1,***,bgw8u4dy,1119
982,2.1,***,M5wIhrck,4333
983,2.6,***,BCVFlUVM,713
984,1.2,***,qbv35cPl,4389
985,1,***,l54YhZdn,872
986,4.7,***,32ZXCCBT,2084
987,4.1,***,86i9BY27,3802
988,3.1,***,hqRVVZ1B,3644
989,5,***,8hF63wjR,881
990,2.8,***,vBUQAbW2,4375
991,2.8,***,w66IQ13W,86
992,1.2,***,eBya2ciX,2260
993,1.3,***,yg9yV1Fx,3035
994,2.4,***,SsW5nNJt,215
995,1.7,***,JVvftk31,2073
996,1.1,***,F5Bl1xeq,2960
997,3.7,***,Fm3VMYvN,1775
998,1.9,***,ohD4IteL,2266
999,1.8,***,izmHTAA9,3723
1000,1.1,***,vxwM5Q8r,3137
1001,2,***,pFPtMZ0h,100
1002,1.5,***,oUnS4Xs5,3645
1003,1.1,***,0QD1RXUy,1765
1004,1.4,***,KYpN5eb1,4749
1005,1.4,***,d9CYMAiw,4940
1006,3.9,***,Xh1Xu5wO,1419
1007,1.8,***,wAj51rT4,4180
1008,1.6,***,clwz6WwR,3688
1009,3.8,***,OjIONF2W,4554
1010,1.1,***,wtxKx6xC,1187
1011,3.3,***,4ZAI0NNc,2182
1012,4.7,***,i7PynIHb,501
1013,3.2,***,4k2DtF4O,709
1014,2.7,***,Vz8jfAad,2943
1015,2.8,***,oi75su9m,1428
1016,3.1,***,1VqFGgB2,4222
1017,3.2,***,JbzfAt2g,2706
1018,2.9,***,osVWwBFC,785
1019,3.8,***,ASewbN5T,213
1020,2.9,***,woDPK29e,1866
1021,1,***,dfcu4RA7,2445
1022,2.1,***,LzhMSYal,1232
1023,1.2,***,FiLWxE1O,1464
1024,2.1,***,6abBi9I5,4870
1025,4.3,***,sKjogp45,2216
1026,3.8,***,iaXhNG7R,4171
1027,1.1,***,7QAoPuU5,4439
1028,2,***,DelqQiJ7,624
1029,4.7,***,C1anjpjY,3221
1030,4.5,***,PDdZRmE6,2512
1031,4.5,***,Z0yeTS6P,4982
1032,2,***,Ok5CfrRo,4860
1033,4.9,***,ibNHZ8Kz,47
1034,4,***,e8VCczQj,1103
1035,1.2,***,O1tOk48O,3923
1036,4.7,***,4zV3y7L4,2980
1037,4.4,***,rf7kOQvm,2098
1038,3.2,***,FdwovMQx,3091
1039,3.3,***,0ctYQfiQ,356
1040,4.2,***,Up7cC9Lt,2495
1041,1.6,***,nxfrFtGY,329
1042,4.2,***,M2rxxyXT,2978
1043,2.9,***,DIPEnYJs,4963
1044,3.9,***,GlSiRjwy,2273
1045,4.7,***,3ubgVO1r,4552
1046,1.3,***,nN1go1KI,1881
1047,4.5,***,dVEpTUUH,4074
1048,4.7,***,4QSO1SjI,1040
1049,3.2,***,PubSk6VT,2399
1050,3.9,***,C2svysfn,2658
1051,3,***,2XhpU4eS,1747
1052,3.9,***,Pi7GR7IG,3410
1053,3.2,***,xL4L1f7j,2961
1054,2.2,***,W1TVjH89,3192
1055,2.1,***,6ucuuUUc,1863
1056,3.4,***,sdKzQSAu,2534
1057,2.7,***,sFOXVBDr,3896
1058,1.2,***,u7oVnC3K,725
1059,3,***,9The9KxA,146
1060,4.4,***,mzmnvGn4,919
1061,1.9,***,HVgx5nN9,2152
1062,4.4,***,BUeHqLvN,3398
1063,3.5,***,Vwmz6Zos,1597
1064,3.2,***,kemKxDWq,1460
1065,4.7,***,62OPQptN,2352
1066,3.5,***,a9amsUAW,1792
1067,3.9,***,EjwB56xf,762
1068,2.5,***,3IK2avjk,2729
1069,1.5,***,z2AiUiD7,3130
1070,2.6,***,0DY6BFeh,3684
1071,4.6,***,Ybwco7Zm,973
1072,4.4,***,xOUicQ4I,4464
1073,3.4,***,qbSIxBUT,4220
1074,2.6,***,E6NEapAi,3942
1075,3.6,***,k5D6y3ZF,115
1076,4.4,***,areaS7h8,4388
1077,4.5,***,dOG45gtF,2731
1078,3.5,***,6aWTtiCY,1894
1079,3,***,JpMx4deM,4025
1080,4.5,***,abiXoo7x,3959
1081,1.2,***,2Tqsm2LA,1293
1082,4.2,***,Q0gAZRJr,3507
1083,3.9,***,YL7c0wfM,3461
1084,4.6,***,pJLfzkcZ,374
1085,2.1,***,M0Pu4lVQ,4730
1086,3,***,Mhde6NXd,4126
1087,3.1,***,RCPQ9KI2,3610
1088,1.8,***,gEVL7bqg,2569
1089,2,***,CmEiQLa7,876
1090,1.5,***,pouNpJ4W,3584
1091,3.8,***,u8NPlYBG,4449
1092,1.6,***,g2HleqFb,703
1093,4.6,***,x4xfVTia,3166
1094,3.7,***,JNgg1zL6,1404
1095,1.7,***,nCY0T8fQ,4963
1096,4.4,***,T3olG6ee,1314
1097,3.6,***,yjBC0km6,3861
1098,4,***,gJdnwi23,2340
1099,2.2,***,SQ1ux9Ix,924
1100,4.3,***,hHAuGTDs,5
1101,2.6,***,FSn0TzhE,2899
1102,1.1,***,zB88HuqX,2833
1103,2,***,67ftXB8J,4533
1104,4.1,***,IE9P9W2N,786
1105,3.3,***,wl4xHuR7,1662
1106,3.2,***,0YsqcYPl,2065
1107,2.1,***,s0xO8djP,4453
1108,1.2,***,ygGzbL0J,2079
1109,1.2,***,XV6g7EYj,1993
1110,4.3,***,TWCDpbb8,3338
1111,2,***,klvzWp6O,3033
1112,4.1,***,mCfOwDhZ,3098
1113,2.1,***,w2ArWydj,4530
1114,3.4,***,lsiYvZN1,1113
1115,2.4,***,E2IGPU6I,2504
1116,4.8,***,ZLoPQeUL,3486
1117,1.1,***,HJW4KBT2,2567
1118,4.7,***,ENItpZGp,476
1119,2.8,***,ovLNpALt,4835
1120,2.6,***,LMCQ5204,3530
1121,4.5,***,E23tDIUQ,842
1122,1,***,YDUq3X0p,410
1123,5,***,BouAtUoL,4445
1124,4.5,***,vQkg3ksU,4255
1125,2.7,***,GQJmp1an,756
1126,3.6,***,z6xCwJow,4021
1127,3.9,***,KkQz8ZUn,1158
1128,3.9,***,X23kVrTf,4484
1129,2.5,***,8daNdVam,2021
1130,4.2,***,ZPVGAJCe,1776
1131,4.4,***,3hidq7WC,3333
1132,3.9,***,dAKWcAKc,510
1133,2.1,***,Zx4oc40h,1806
1134,4.2,***,U6yeSAKb,3054
1135,4.3,***,ACx9Fbfo,2209
1136,3.5,***,U6fUM14B,1971
1137,1.4,***,D9QxPO4m,551
1138,4,***,vFdgT1kS,4520
1139,1,***,K29oCtnH,3066
1140,2,***,8SIActTy,1012
1141,1,***,bu6X3Zzk,4792
1142,2.7,***,slLRL8Yo,2275
1143,3.7,***,yiBdCfC5,1000
1144,3.7,***,WRJGnWVe,1783
1145,2.8,***,IOnu1dl1,3657
1146,1,***,9duxSItx,3265
1147,1.6,***,Vj5nxB3U,4066
1148,2.9,***,cG1n51Pv,3642
1149,3.3,***,hr4sP0G0,3973
1150,1.5,***,2KxANLqv,4125
1151,4.3,***,8l5Q5dTx,2481
1152,2.5,***,F0XiqjSr,4226
1153,3,***,T6EQByNy,888
1154,4.3,***,Ns2Zsf5G,110
1155,1.2,***,nCeya29A,4835
1156,1.2,***,FhIDLqHL,1333
1157,4.3,***,bE3uxlo0,3860
1158,3.8,***,nuNXcKLB,2288
1159,4.2,***,GB1oLC5x,2015
1160,1.9,***,nJP7xWdo,2961
1161,3.6,***,OVZoiMVA,4900
1162,2,***,q1Iq3AQT,1489
1163,3.1,***,DiVdf81g,3959
1164,1.1,***,rmtywcXE,3854
1165,2,***,USWUbvZI,3858
1166,2.3,***,I3lFQpOM,983
1167,1.4,***,ILR5b2q2,2732
1168,2.8,***,rq1qJJo3,329
1169,1.2,***,XFa0IH63,861
1170,4,***,FHRjDDg2,4304
1171,3.5,***,POMhH3nf,578
1172,4.2,***,hZG5w3bo,4699
1173,4.1,***,8aK8m7H9,3872
1174,1.4,***,DDfLLD6y,1332
1175,3.6,***,hIo2mJqf,2315
1176,1.2,***,M82hV9ok,4609
1177,3.7,***,Ax2iqDiu,2212
1178,1.6,***,DzRWytfj,3162
1179,3.1,***,qlAQsWOJ,2342
1180,1.7,***,3fQPSrqo,2593
1181,3.4,***,d1F8Btvt,4557
1182,1.3,***,mVO76kRC,3553
1183,2.3,***,EB4GvfQ5,4010
1184,4.4,***,JS1puPfo,563
1185,3.1,***,vrF3YY01,4958
1186,5,***,4doux7Fs,1425
1187,3.9,***,GT8BRnkl,3210
1188,3.6,***,qoOY9N8B,2075
1189,2.8,***,jfJZ1lpk,2518
1190,2.6,***,srUfibzU,1096
1191,4.3,***,Swb9FBs1,1328
1192,1.7,***,OhJCpzdq,2653
1193,2.7,***,4pEYGpdQ,1923
1194,3.9,***,D2rRdtcU,3452
1195,1.3,***,DmzMPb9I,2906
1196,2.4,***,xqDtwkKv,2821
1197,3.3,***,xcWAHhzF,4309
1198,3,***,rGWqa3iO,2756
1199,3,***,VRn0lFmf,138
1200,2.7,***,Y4LIGbRN,3749
1201,1.2,***,hW5dA5jN,4590
1202,1.5,***,L2SYLBlb,1422
1203,3.7,***,BE4Irxcf,4516
1204,2.3,***,hsg2kOh1,277
1205,2.8,***,9is3UeVX,1683
1206,2.1,***,WePYC0MF,1137
1207,2.2,***,QREwvZ79,352
1208,2.1,***,vSdQvDT6,966
1209,1.4,***,R27W32TP,2722
1210,1.3,***,NzHkv9qr,4630
1211,3.2,***,XGC5wmZC,1673
1212,1.6,***,11gWOP5V,734
1213,4.8,***,l135caA4,47
1214,3.1,***,c7ft5cpk,1443
1215,3.9,***,kJuAkXTi,2634
1216,4.3,***,atOIWOTJ,158
1217,3.9,***,Hq7RLR70,4963
1218,1.5,***,S1w2xT5K,1557
1219,2.9,***,SFjZLv1s,592
1220,2.6,***,SD7PVW9p,1208
1221,2.2,***,uPOj4wqB,522
1222,3.7,***,PhZ8cDud,61
1223,2.6,***,rz1XkHBH,2186
1224,5,***,vlEqigmj,3723
1225,2.5,***,iUMpnleQ,2155
1226,4.6,***,qcr1ID96,4002
1227,4.7,***,hliFTiul,4277
1228,4.6,***,2FE16mT0,170
1229,1.1,***,5M9qfPn9,4023
1230,4.2,***,SB3OiuSI,202
1231,3.2,***,pGWHPfPn,1355
1232,3,***,66sYGKuy,1095
1233,3.2,***,TdVItZyn,4436
1234,3.8,***,OfcREPxS,927
1235,3.3,***,7bE14W9N,264
1236,4.1,***,Q6dTo4VJ,1490
1237,3.4,***,oevtUZnf,414
1238,3,***,ZsF4PZj5,713
1239,3.6,***,X4ujcLCy,4687
1240,2.4,***,c0ijTFEh,3874
1241,2.2,***,N21YimnF,4158
1242,4.8,***,fmu3kV7p,1601
1243,1.5,***,QmoCEo47,726
1244,3.7,***,brNDNZhG,1174
1245,5,***,zzNbBc4e,2958
1246,1.5,***,zuSNeN2u,3321
1247,3.7,***,b4PGOjk6,280
1248,1,***,owz266wr,732
1249,5,***,t4tLPcii,3434
1250,1.3,***,KDdBj14u,4433
1251,1.7,***,UnWCf7oY,2141
1252,1.6,***,gsSPTcEj,3351
1253,4.6,***,aQ4O07Ac,943
1254,2.9,***,kqLBwGNf,1035
1255,4.5,***,raZnwYg5,3963
1256,3.5,***,8DvsALd9,1952
1257,4.4,***,NmYKaAHI,1857
1258,2.9,***,0AjWlY46,547
1259,4.3,***,udIU2BuO,3157
1260,3.6,***,JgxPuNUL,4203
1261,1.8,***,u8k8a7iy,615
1262,1.4,***,FetGsp8g,3727
1263,2,***,AFpy4iVW,2932
1264,4.1,***,CvT9mYhG,1526
1265,4.8,***,kMKa2u8f,4767
1266,4.3,***,oiuBVfxh,2193
1267,2.4,***,Mq6YnHB8,3977
1268,2.8,***,XiTJJioJ,3197
1269,4.8,***,gUg1EZKB,4944
1270,2.9,***,m0DtDHxZ,3258
1271,2.6,***,7pCE7JuP,2513
1272,2.6,***,gMZbBj7K,3207
1273,3.2,***,kh9DrQuN,4163
1274,4.3,***,y9bYdorN,1913
1275,4.4,***,hQtX1aYa,3006
1276,2,***,ao0RtC5t,3004
1277,3.8,***,OsXPZqr0,1542
1278,1.2,***,N8EJvxXP,1151
1279,3.6,***,kIal68Nl,3606
1280,3.6,***,pfnEsRuX,2633
1281,1.8,***,1VDC2hyo,3002
1282,3.4,***,0ZXTCddV,3388
1283,1.1,***,Ib8HtjM1,2163
1284,2.4,***,imjSCmap,3022
1285,1.3,***,NaDU3fml,4324
1286,3.1,***,RWOiSvpe,4224
1287,4.4,***,VUuc5PXB,3959
1288,3.4,***,lKpLQc1P,415
1289,2.4,***,CBn9xhP9,3727
1290,3.9,***,JKTPkstb,1966
1291,1.6,***,wiPpEiuu,2803
1292,2.8,***,KvwajpQr,1938
1293,2,***,8p8Nm3CE,1584
1294,2.3,***,IDpjdRNd,907
1295,2.3,***,WjWHyDfy,3156
1296,4.3,***,kusHULF9,4281
1297,4.4,***,wzfjj8q6,1663
1298,2.7,***,ZOxhOtHr,3469
1299,4.1,***,llzlkzaF,2974
1300,2.7,***,cagkPA0g,424
1301,1,***,9oxEbrhB,4882
1302,1.9,***,xMzjfXaL,652
1303,3.3,***,lc0vhvPS,4626
1304,2.3,***,tlQEi8L9,1664
1305,1.5,***,XHr2RMcF,2579
1306,2.5,***,2jmYEC1U,744
1307,1.9,***,NWQprxhS,2010
1308,1.7,***,lPlQFoQM,730
1309,4.4,***,Cr4DFQdI,1856
1310,4.1,***,y0grEPOl,4985
1311,4.6,***,tfUObtEi,62
1312,2.1,***,qAcj0Egj,3413
1313,4.8,***,Clv1DJeQ,4549
1314,2.4,***,BdwRaEKR,3879
1315,3.3,***,7KIvDcwF,2598
1316,1.5,***,CKXQWUZQ,1089
1317,3.3,***,DzmdogLA,4673
1318,4.6,***,8yI6X4eA,2063
1319,3.2,***,YifjfzCk,534
1320,3.5,***,FXBu4ZbS,3218
1321,4.6,***,ncsVUjL3,1508
1322,2.3,***,BcmduAcr,1519
1323,3.7,***,k62nQxih,4049
1324,2,***,bw6OodIm,2651
1325,3.1,***,NVUVu2LZ,3812
1326,1.7,***,LoGf5cIK,4310
1327,3.9,***,3DWNW7N7,2346
1328,2.2,***,Jiu804o9,2187
1329,1.8,***,AC9UH6s7,2547
1330,1,***,MYfx8HzM,1478
1331,3.1,***,6KILuLGM,3677
1332,4.5,***,Qu8Za2Rp,1212
1333,2.3,***,hv3ywHZU,2858
1334,3.8,***,Zitp17BI,2667
1335,4.6,***,NQ4uWKFI,3214
1336,2.3,***,r4CUW9Co,4511
1337,1.3,***,VqnFj2f5,1947
1338,1.7,***,B2ethhEd,2833
1339,1.5,***,7CE65kZn,4680
1340,1.1,***,Enga6sQZ,1649
1341,2.2,***,G0KWGjeh,3267
1342,3.2,***,0jXUwmx7,4940
1343,1.8,***,Z96RUjam,3420
1344,4.4,***,Z6Vzldq1,1800
1345,1.6,***,FYxc0pOA,992
1346,2.6,***,AHh8q3wZ,1947
1347,4.7,***,yHVzAj1X,4643
1348,2,***,cZ1Zi77Y,1126
1349,3.6,***,qrXY0f5I,2603
1350,1.9,***,jgD4CmU2,4274
1351,4.9,***,DlGF6M86,777
1352,4.3,***,CjgvGLf0,329
1353,2,***,13enN18u,3335
1354,1.6,***,tx0v26IU,1312
1355,3.4,***,kNpTMU6V,1458
1356,2.5,***,iRwoCfPt,1871
1357,1.9,***,hjju4nUm,319
1358,3.7,***,z1WwPbwu,869
1359,1.5,***,d3BX4ETb,4753
1360,1.3,***,NrYAjgpZ,1719
1361,3.4,***,WKpbbo2o,4960
1362,3.1,***,moXXLpsK,1907
1363,3.6,***,JzgrmGos,1710
1364,3.5,***,32dEqu3q,2470
1365,1,***,Awzz3kgm,1097
1366,2.5,***,gfi1LfR1,3664
1367,3.1,***,cGl1PUpy,2704
1368,3.2,***,1NOAtOjD,1523
1369,2,***,jTCDFyme,747
1370,4.4,***,sfbSMTKL,3827
1371,1.8,***,3dcuomrd,3288
1372,1.8,***,bbSlgEDd,1474
1373,4,***,caRiieUk,3232
1374,4.6,***,gfL2z3l4,2350
1375,1.6,***,oYpXWOw6,1933
1376,3.6,***,kebUKQrg,4511
1377,4.7,***,pFLB2lO6,281
1378,1.8,***,WaoS2DBf,4517
1379,1.5,***,JUKDvQv9,3095
1380,3.2,***,DUV5Jfhx,2895
1381,1.7,***,qzVs1QBo,2153
1382,4.7,***,4paiQVZ1,1385
1383,1.8,***,4ZZjuF9i,972
1384,3.1,***,gzJDMe8C,1935
1385,3.9,***,mYJauU5x,4265
1386,3.7,***,LsbGcOQR,4077
1387,4.1,***,MhKTMdv5,812
1388,1.6,***,mCcCiSwL,2713
1389,4,***,JNqB8HYe,3083
1390,2.5,***,xsviR933,1444
1391,1.9,***,AqMGrke5,1320
1392,2.9,***,m16LJ1hP,2592
1393,1.5,***,zxOFaRik,155
1394,1.1,***,HHKBwLd0,2205
1395,4.1,***,IYHLnSQ8,1933
1396,3.9,***,DrnvwMZr,3348
1397,3.2,***,HCfVgGf5,3676
1398,1.7,***,PJge6iCJ,538
1399,1,***,KsXLf5Ad,4435
1400,1.8,***,7iwepr4q,3381
1401,4,***,YsI5jr0f,3979
1402,2.1,***,3GoShFaw,1664
1403,2.8,***,RwcIiTus,1237
1404,1.1,***,d36hGJ7V,4879
1405,3.5,***,ttuYwd0c,1389
1406,1.6,***,m0dZVVAH,4853
1407,2.6,***,qHSlLZS1,4112
1408,1,***,uGly51hp,4300
1409,2.8,***,xJdZ7UCn,4093
1410,1.8,***,gMd7MSlC,4312
1411,3.4,***,fFZA4BhR,1065
1412,3.4,***,zxUD1iph,117
1413,4,***,bluxQRvw,1611
1414,2.5,***,1vGMg0RD,2651
1415,2,***,vKWSlUxI,732
1416,2.4,***,2HO1VQMH,176
1417,3.3,***,uEjq48P5,3936
1418,2,***,1XC20M9c,3679
1419,4.5,***,v2jtWyfn,1504
1420,3.3,***,EraW7jpu,4378
1421,3,***,nFCvtAGy,1131
1422,4.6,***,uGOeYpQp,4190
1423,4.6,***,kgm9cHCB,1845
1424,4.4,***,pJjrjAFg,1435
1425,3.5,***,bxIyKRvQ,4480
1426,1.3,***,ooiXtF6U,1290
1427,3.4,***,3DhBB8WR,2905
1428,3.9,***,4gRFpGIF,3965
1429,3.4,***,9Vkte4wi,1603
1430,3.8,***,sZuwFNrk,586
1431,1.4,***,RnA2a2CK,3873
1432,1.1,***,TFXbBr9H,600
1433,2.9,***,cNTaHTdx,616
1434,2.5,***,ccy60rAn,4820
1435,3.2,***,bHcS2IY6,753
1436,4.7,***,CKfpx0aC,873
1437,1.9,***,4hQXnhja,4313
1438,1.1,***,znUfgk11,1469
1439,1.1,***,aVoX9ohU,2821
1440,1.4,***,FahiRkOW,1540
1441,2.5,***,AuP2kDpi,1307
1442,1.5,***,05CeN5yq,4738
1443,4.5,***,WDsfhPOB,3795
1444,3.3,***,hxcC37Os,2946
1445,4.4,***,YyIXsSIq,229
1446,3.4,***,tzcGckqc,3381
1447,2,***,ZPLQXkcw,998
1448,5,***,BbTItxHq,377
1449,4.6,***,ESMObcRW,3917
1450,2.9,***,ZPVyTTjE,298
1451,4.1,***,CYgiACYF,2983
1452,4.7,***,cChSFF5C,4339
1453,1,***,5P7t8PtP,2467
1454,1.2,***,773kCjay,4163
1455,4.2,***,Vk6vsY2E,4874
1456,3.1,***,RfXQD3LH,593
1457,1.4,***,zjzmXeP2,1859
1458,1.1,***,J9qfJ5AR,4427
1459,1.4,***,PO3UGnIH,1007
1460,2.5,***,s0mGgwJ6,3675
1461,4.2,***,OnysdlmW,4989
1462,4.1,***,kvAMRJD9,2593
1463,2.2,***,lYm1g3GQ,1356
1464,4.8,***,0pf2AZfK,3154
1465,4.2,***,6i4JF3C0,3658
1466,2.4,***,xLaU1pAf,2629
1467,4.2,***,FWAGOSHD,2208
1468,3,***,kI3viXQT,3911
1469,4.6,***,OkAKUEPI,2071
1470,2.2,***,NVKwh5ZP,4511
1471,1.4,***,5fM7EeQ2,3612
1472,4.6,***,7ESrskJY,3565
1473,4,***,L8LOAO2c,4407
1474,1.8,***,KtOxdT69,3316
1475,4.5,***,6UtpE71e,4220
1476,4,***,rLOyIfzQ,232
1477,3.7,***,tnWL9WQ1,3342
1478,4,***,KGjv2BTq,2748
1479,4,***,0NKiuHzH,1771
1480,2,***,hBR1HRcz,3672
1481,2.1,***,j1vpnes4,3626
1482,2.9,***,2jbdegfd,314
1483,1.9,***,GP0od7Gy,113
1484,2.8,***,Z7OyG0ia,2247
1485,1.5,***,X8e0Q2m7,814
1486,1.6,***,XHurtIbu,319
1487,3.8,***,lQY4xwmu,3441
1488,3,***,PWlzNmUE,1526
1489,3.8,***,5NZPTlis,1078
1490,3.1,***,gINzQFRZ,2849
1491,4.4,***,mvrQEElW,2358
1492,4.8,***,3J5bdXZ7,2387
1493,3.1,***,B7k6tGjz,2860
1494,4.6,***,cWENMVqO,3945
1495,3.5,***,xIlRsjuR,4447
1496,4.2,***,6ragoGzd,4825
1497,1,***,Sm6sTtl1,4608
1498,1,***,CqaJIQ7f,3858
1499,3.2,***,oSs8lAX5,3086
1500,4.3,***,yL5DvpSQ,2152
1501,2.5,***,aipE80sD,3290
1502,5,***,8oSXREOb,944
1503,1.8,***,1Tam1uWM,569
1504,2.7,***,0tijUPrQ,2884
1505,1.3,***,4o8c4prU,789
1506,2.6,***,WeshHxLi,4514
1507,3.2,***,ML7u83ke,4646
1508,3.8,***,CiqBDc4t,1125
1509,1.7,***,aPDS2XE1,2064
1510,1.6,***,brZm4tYG,2050
1511,2.3,***,ff1IeEqG,4178
1512,4.3,***,4XstWiGw,1642
1513,1.4,***,ZGEc3eQx,1453
1514,4.4,***,AIVcMlR1,445
1515,4.6,***,fZCJ7et3,2910
1516,4.3,***,vk71dchL,320
1517,1.9,***,g3J1SIxV,3781
1518,1.6,***,hGGpj7vB,1846
1519,4.3,***,FY5mwYU0,720
1520,2.9,***,mJZQBsFK,4136
1521,1.3,***,ATRNXKdu,538
1522,2.5,***,J87XqNav,1764
1523,2.1,***,bZTGwDss,3782
1524,1.3,***,phacyMOG,127
1525,2.4,***,3FIk9PzK,3968
1526,3.3,***,Derzce0y,871
1527,2.3,***,AFt8lTl2,277
1528,2.3,***,muHciMyN,3568
1529,2.6,***,yKSXCNdH,3936
1530,3.4,***,OIwsFkjK,3196
1531,4.3,***,O8SgrPEt,1018
1532,2.6,***,E0Hd52kB,1721
1533,3.5,***,AaBNmWml,4988
1534,3.9,***,xGj9bPeq,4435
1535,2.1,***,G6R7UH38,4082
1536,4.7,***,wNiEfI2Z,3091
1537,4.6,***,GzX85vh5,3770
1538,2.8,***,PQlXtHXu,1901
1539,2.7,***,AmwB2OOn,3128
1540,4.1,***,6KFWv0kd,2634
1541,4.8,***,uZb688L3,2819
1542,3.5,***,nDailmVh,137
1543,2.3,***,CV1vVWQk,734
1544,3.5,***,RQRUp0zX,1807
1545,2.2,***,1RyFA7Pk,1606
1546,1.3,***,Ed44buB9,754
1547,2.8,***,Ha3lYap4,184
1548,1.3,***,0qZud31p,930
1549,1.7,***,v5j8pskm,3199
1550,1.7,***,TXL1vPWQ,430
1551,2.3,***,4hyfRaKX,3834
1552,2.4,***,3PPj1ZHo,992
1553,1.4,***,HctC9VYg,2463
1554,2.7,***,e8Qq7Sf6,292
1555,4.9,***,T5dLR5R9,3976
1556,4.5,***,DkQXIv8k,1586
1557,4.4,***,Sb7qM8dG,2847
1558,4.1,***,7vlALidi,1750
1559,2.3,***,RDHsva8S,3815
1560,3.9,***,GEI6k1jX,3063
1561,1.3,***,I9sckpqa,2587
1562,4,***,RSnEawRu,2885
1563,1.6,***,h8i8cNjG,1749
1564,3.2,***,DhLsCe5d,4178
1565,1.8,***,uKHNeNx4,2764
1566,3.3,***,NbVJ9y6Y,3018
1567,3.1,***,FPHBRrTm,3217
1568,3.6,***,MIlme6uz,1951
1569,4.6,***,Jlu6a1ob,920
1570,2.9,***,dhkCHpeQ,3041
1571,2.5,***,FlRfO4Hv,2112
1572,1.4,***,VldNokpS,4531
1573,3.5,***,uuj0hYnG,1960
1574,3,***,BzRZfCYd,3144
1575,3.8,***,0BQGip3n,2895
1576,3.8,***,ASPt7ftf,1547
1577,2.6,***,xGl8vG07,2264
1578,2.5,***,ozUvrWA1,338
1579,2.3,***,sFo23koO,243
1580,1.5,***,pEwa7wsQ,4070
1581,2.2,***,Ts1R6U1J,4478
1582,3.4,***,7VP76WbV,3096
1583,4.2,***,KTABiI0n,3317
1584,4.3,***,xnOdkdjL,2870
1585,2.2,***,9aXDcmVC,4154
1586,4.5,***,3yaPGv9E,4537
1587,1.9,***,Buqt6thv,2833
1588,3,***,YjEDSv20,1052
1589,3.1,***,NtzyrbYz,4960
1590,1.3,***,MXqZFyEB,768
1591,2.4,***,bouLBrO1,1419
1592,3.4,***,n5WM0jZq,4589
1593,5,***,7EAj0Apf,782
1594,1.2,***,YwHeVR27,4676
1595,1.4,***,4sZql8pI,409
1596,3.1,***,vvtXiKsU,821
1597,3.1,***,sMrNx8eh,3619
1598,2.1,***,VQxpz1Je,763
1599,1.9,***,BaQ5od4n,2881
1600,3.8,***,mfkJLALh,1646
1601,2.3,***,8HUnPQ8f,1242
1602,4.1,***,pnbs6pAN,2209
1603,5,***,SqLz1dtJ,698
1604,1.2,***,ge0HUBHQ,4416
1605,2.3,***,RSbBqb3N,1514
1606,2.9,***,yoAk3LNc,3431
1607,4.3,***,wxos9WeW,4007
1608,3.5,***,8DInW9Gb,735
1609,3.9,***,9pbrzxD7,734
1610,1.6,***,5ZUljAeM,426
1611,3.4,***,uQnCJsZ7,3754
1612,2.3,***,ysZsGExS,2510
1613,4.2,***,d4O9Olp0,855
1614,3.4,***,OJxHXafE,3492
1615,1.9,***,q6PDS71t,2191
1616,2,***,CJ07n1wX,305
1617,1.5,***,OqKAZ4mO,4855
1618,3.2,***,bH3pCiwo,668
1619,5,***,9kPk7qjY,280
1620,4.2,***,J7KNObDD,3634
1621,2.4,***,DS4aDCPO,342
1622,2,***,u2Bi0Pw4,4374
1623,1.4,***,oFhuxI5A,4719
1624,4,***,cJpCF8KL,3000
1625,3.5,***,X6vaNcF3,3497
1626,2.4,***,m2xF0GkL,1035
1627,4.9,***,sXtpQKua,3179
1628,4.4,***,2WznnoxN,2434
1629,3.5,***,exqtHxMv,756
1630,2.6,***,zfV6JWWg,4120
1631,3.4,***,bB3TMMKn,4863
1632,4.2,***,oSiM1MSE,1332
1633,3.2,***,MxxTAcFI,806
1634,4.5,***,BWQvCw13,172
1635,1.8,***,ejMkQlw2,3369
1636,1.7,***,mtgqWNjV,3330
1637,1.4,***,yPUaXXMn,3614
1638,1.5,***,vvtdPncc,3928
1639,4.6,***,4tZoJVwQ,205
1640,2.8,***,cIKEqM5s,4006
1641,4.6,***,oVi4napE,4411
1642,4.2,***,LyVizCc8,437
1643,1.4,***,nkjmq9M0,3515
1644,2,***,vRm4b8vA,147
1645,3.3,***,B0kjBy87,1113
1646,4.8,***,BgWTHGF7,4555
1647,3,***,iG0Efbxr,4867
1648,5,***,smvGH25y,3080
1649,1.5,***,lp2eVmGK,126
1650,4.9,***,qBNmIssM,3394
1651,3.2,***,axLMYrrE,272
1652,1.1,***,dQnUBIu5,1674
1653,3.4,***,dG3LkQDT,4782
1654,1.1,***,8FW4Mcdu,3364
1655,1.7,***,XkOTwpRC,3972
1656,2.5,***,laFCnjzP,262
1657,2.8,***,YkEotjtG,4007
1658,3.8,***,Ba3MCrM0,1545
1659,5,***,PQ6AAIuD,839
1660,2.1,***,QSB88Lss,1237
1661,2.4,***,nFdRNall,2163
1662,2.8,***,zsjSQJtV,835
1663,3.7,***,F7FISazL,2885
1664,4.9,***,DID5cPea,4935
1665,2.9,***,VU0WjelU,203
1666,1.2,***,F6ph91SI,344
1667,1.4,***,ZokJ6LNl,4994
1668,1,***,GnKp7XBd,3987
1669,2.8,***,qKfZfHvf,962
1670,1.1,***,rGI15iiX,1419
1671,1.2,***,n1Fc7Jzm,1210
1672,1.7,***,YoHYrqKJ,3864
1673,1.7,***,fc8FAuPr,2989
1674,4,***,GcC1WRDY,477
1675,2.6,***,byfu1Qct,270
1676,4.7,***,qG27294M,514
1677,4.2,***,UplLEd5R,597
1678,5,***,616JT9nM,4298
1679,1.5,***,g1ftShGM,4406
1680,3.3,***,b3U5eRtL,2208
1681,3.7,***,T0zyKVYO,3620
1682,1.6,***,YZGmgRcp,1741
1683,1.7,***,sNRokC1B,3110
1684,3.8,***,3Sp8OFJ8,4620
1685,2.5,***,6z3sKrf2,4632
1686,1.4,***,Nz7R8bng,1217
1687,3.7,***,AxeBqPsH,188
1688,4.5,***,7gK9ZUbQ,4170
1689,4.7,***,7NimoEU8,3676
1690,1.1,***,4Uu0ZGI9,3878
1691,1.5,***,rmF9jQsl,1118
1692,2.6,***,hI1WqTWz,572
1693,1.9,***,6qL1uVsK,36
1694,3,***,mCJiloUc,2454
1695,4.9,***,bLOwzUbN,244
1696,4.4,***,BQQhjWRU,777
1697,2.5,***,0ivl9bQT,1646
1698,3.6,***,J4tzd4I4,1010
1699,3.7,***,CB8EkOUv,2083
1700,2.3,***,9HTMZpjq,1806
1701,3.7,***,Llpa9cvR,1296
1702,3.3,***,m41nTN8q,2599
1703,1.1,***,iFj8o6qX,2420
1704,3.5,***,BCEMr7Y8,2023
1705,3.8,***,nZMPyiVH,269
1706,1.4,***,9KcPhOzS,1552
1707,1.1,***,EcNZtJZP,295
1708,2.8,***,ESMmzYQe,1856
1709,4.1,***,jOtlSTkb,3888
1710,1.4,***,AHa7sbeY,1479
1711,3,***,1kodkPvR,399
1712,1,***,dVf6hohV,581
1713,3.2,***,pYkNZ8YH,4430
1714,4.1,***,fUWKIglZ,198
1715,4.2,***,SmBz4edC,4900
1716,1.2,***,4EXIXy8E,3908
1717,3.8,***,Do9FK1wN,4402
1718,2.2,***,nSkZwmLc,3165
1719,3.8,***,ptKh9Os4,4463
1720,1.7,***,kkqhlCWT,2798
1721,1.6,***,jdZcTMgz,2692
1722,3.8,***,fwA97EZy,2332
1723,1.4,***,rlgjvbQa,353
1724,2.7,***,1ijwzXLO,599
1725,1.8,***,LDPdQ0GY,672
1726,4.4,***,i9ZMIXkU,2900
1727,4.7,***,4SthVGWU,2305
1728,2.7,***,tFLPIQeh,405
1729,3.4,***,0zeTx6na,4452
1730,4,***,MUPKK4YI,4817
1731,3.9,***,nShvjqif,1854
1732,2.3,***,ij7rVmJd,546
1733,3.5,***,NCdgEdFX,383
1734,3.4,***,IXk8P6Al,4109
1735,1.1,***,KjNznLTy,371
1736,3.8,***,9dwYC0Nw,4636
1737,1.5,***,uzjsrgO3,3786
1738,5,***,91LqhhYh,3356
1739,2.8,***,llVE7aBr,2267
1740,4,***,7R7tqqLM,4935
1741,1.3,***,MnfzMUZO,1050
1742,1.8,***,H9OmGmZj,3592
1743,4.9,***,ACVxhLOp,3596
1744,3.4,***,FqD4CGJH,2027
1745,4.9,***,g90eajfD,4815
1746,1.5,***,lvnl2ZJB,2099
1747,1.2,***,VrnlCh6X,4033
1748,1.2,***,mNuaXrUf,1736
1749,3.8,***,9MuNFbcd,1842
1750,2.1,***,nVBYZDlv,2091
1751,4.8,***,4IsXeEOX,1483
1752,4.6,***,BTEz1TQy,2893
1753,2.1,***,cCeZ5MBc,1604
1754,4.6,***,hN9UGLAD,2008
1755,2.6,***,MvZNjinw,4381
1756,1.9,***,OZ7zXeKE,1833
1757,1.2,***,46Ew7cq7,2452
1758,2.5,***,CFikIjDg,804
1759,4.4,***,JOmFb1rO,302
1760,1.7,***,bCJzA314,452
1761,1.1,***,ZTUW5Kao,4071
1762,4,***,hGxbItLt,4214
1763,4.4,***,ms6vwpiF,3637
1764,3.6,***,9mitxV4c,3428
1765,4.1,***,9Jp2oRZI,2946
1766,2.8,***,EfP5TZBG,1625
1767,2.4,***,0sBPWMVu,1900
1768,4.2,***,vaHePWnI,4168
1769,3.9,***,WOb9G268,2392
1770,4.2,***,nlM9qN9Z,1785
1771,4.7,***,F8uHBbNd,4746
1772,1.3,***,aQOCJouf,2495
1773,5,***,21kodcEG,325
1774,1,***,8dKeo9Wy,93
1775,1.5,***,SEd0b0CQ,1643
1776,3.8,***,PJ0pwhB9,3484
1777,1.3,***,piPkDRmX,3278
1778,1.7,***,RX6CHAat,4843
1779,2.6,***,JGccBImL,4419
1780,4.8,***,uFvS7ITL,2907
1781,2.9,***,XJN9NF4k,135
1782,3.1,***,uClqdiXr,4000
1783,3.1,***,87UXKfjH,1098
1784,2.5,***,iwwoDoBI,3743
1785,1.6,***,KJIBxRDs,2466
1786,3.2,***,UoxstW3D,3366
1787,3.1,***,8uWxcLsJ,676
1788,1.1,***,9g4zdVPz,3920
1789,1.4,***,4U5LQesK,1846
1790,3.3,***,qzhvP4kv,2434
1791,2.3,***,7g06boGJ,3236
1792,5,***,IGeoUYMI,3085
1793,1.6,***,BrbSzXlF,2631
1794,2.6,***,BcB85ev4,3644
1795,2.4,***,RNYuqYG1,2371
1796,2,***,ZWGDEsim,2656
1797,1.4,***,6KnMsqhk,3513
1798,4.8,***,keXD3mmE,150
1799,3.1,***,V3jeGey9,2893
1800,2.8,***,aMP20FwU,4648
1801,4.6,***,c7HuHIr3,844
1802,3.6,***,rlHc8jP8,1226
1803,3.8,***,LFwgdRhd,4585
1804,4,***,LMrIM0fd,2550
1805,4.4,***,dGj6Y2jT,640
1806,4,***,C9DQqXkG,3225
1807,4.1,***,KtU1Mqza,3479
1808,4.5,***,l02GZAZO,1270
1809,2.1,***,QaIRwNoT,4693
1810,4.6,***,fPkNhoZi,1513
1811,2.8,***,Lu6PrbAH,3226
1812,1.8,***,0ywqPkNY,4686
1813,2.6,***,Hagksyhs,980
1814,4.3,***,U7k3UhK4,3374
1815,1.5,***,rxRiYQVb,208
1816,2.9,***,m01ZSsHT,3
1817,3.1,***,mORj3YbI,1303
1818,1.5,***,gahJhBzf,4699
1819,1,***,UYdIJlSc,3932
1820,3.6,***,lYd7ewhp,597
1821,2.7,***,P5voEKXf,4585
1822,1.7,***,cYeU0es5,4851
1823,1.7,***,gkWklhXs,1453
1824,1,***,UmcAF5Zk,2345
1825,2.2,***,lFAGNPnH,987
1826,2.8,***,DLgJ8TkO,3549
1827,2.2,***,nY9V7Sks,135
1828,4.8,***,WHqr3IeM,1771
1829,4.6,***,pI5sr0W0,4263
1830,4.5,***,oOhAXbCj,4164
1831,4.8,***,BZGMTlg3,3527
1832,4.8,***,gfbGyo1G,2454
1833,4.6,***,U5lhXgZT,2728
1834,2.2,***,bgZgGxfs,1737
1835,1,***,y7VAunBG,4535
1836,4.2,***,SG6pokK6,4776
1837,4.9,***,TckSg2qc,2084
1838,2.5,***,sNe8JGRj,3534
1839,1.6,***,UCTFBqQX,2147
1840,1.5,***,dk0K1AU0,3784
1841,2.2,***,K7HlRCdI,2588
1842,2.4,***,URRs1ak4,1284
1843,2.3,***,6KMpYDha,1435
1844,2.8,***,NIo8Q92P,3132
1845,2.5,***,Oj4pZMpm,3486
1846,4.1,***,NslrrMuM,157
1847,4.7,***,yGWQvlAw,1100
1848,4.2,***,NVGsAEUb,1689
1849,3.9,***,0GOSWxjY,369
1850,1.2,***,2r6xgzxq,1305
1851,2.9,***,79Xwq9uh,1112
1852,2.3,***,oHb8qZT2,414
1853,1.5,***,QvcO7FAT,4233
1854,1.2,***,NZQRGJUk,1960
1855,3.1,***,tOhIvTUW,214
1856,4.5,***,ZyQds2sk,3907
1857,3.3,***,xvNoWEpN,3088
1858,4.1,***,olJnjnHy,1630
1859,3.4,***,TWyJAaj8,3712
1860,2.2,***,JhwH3Djg,736
1861,3.1,***,QfPjy3d5,3782
1862,4.2,***,aMGggcWS,4231
1863,4,***,q6SnAUXQ,3110
1864,1.6,***,J9lalRKP,4913
1865,1.3,***,S6b6sCy7,2224
1866,1.5,***,iMi2rtKh,1495
1867,2.2,***,8ec1FHVC,4536
1868,3,***,c8isH2S3,1062
1869,2.1,***,KPXDiyF2,1493
1870,4,***,3M5ZIgoj,805
1871,3,***,BK4coBn3,1591
1872,1.5,***,XEj5QkG9,2932
1873,2.7,***,KlhkCv6x,737
1874,2.4,***,tN11RyON,66
1875,2.7,***,njPoBODS,3203
1876,1.3,***,Ko4ONUmx,1613
1877,4.8,***,h71MKiXP,1889
1878,2.4,***,8321HSUZ,2754
1879,4.7,***,olyUV03T,2222
1880,3.7,***,lyXsxlLM,4308
1881,1.3,***,6e4d3T1L,1880
1882,1.8,***,qHqAJJgV,1381
1883,2.7,***,44HBED8p,342
1884,2.8,***,iCFs0k2D,229
1885,3.6,***,CRXe4mks,1115
1886,3.1,***,wDkH7FgY,2982
1887,2.9,***,m3l01ze2,3014
1888,4.6,***,87rkOj8R,3153
1889,2.8,***,AEXKVuce,4577
1890,4.9,***,8RBFd7G6,3443
1891,4.2,***,Uxurgym4,175
1892,1.6,***,RpHQwtRP,3549
1893,4.1,***,N88li4vs,3526
1894,1.6,***,J2ec91eK,631
1895,1.1,***,JwKfc0eU,800
1896,4.7,***,BlJBQujQ,3230
1897,3.8,***,3C2m73bT,636
1898,3.6,***,4nDPPNMu,4846
1899,4,***,ZC749nuG,357
1900,3.4,***,WtTqAAQd,3991
1901,1.9,***,gypcfy1D,2848
1902,2.4,***,nrfooiQt,1333
1903,2.6,***,mohP4SmM,3385
1904,2.6,***,UTe09Pcz,3253